participant_id,study_id,session_id,trial_number,condition,category,image_name,word,click_order,rt,id,typicality
participant12,67cfb8a562de5c8e881149b4,67cfc1b860a47e24a319df2c,0,familiar_word_condition,flowers,flower_round_1_1.png,flowers,1,16751,1,1
participant12,67cfb8a562de5c8e881149b4,67cfc1b860a47e24a319df2c,0,familiar_word_condition,flowers,flower_trumpet_2_2.png,flowers,2,21006,2,2
participant12,67cfb8a562de5c8e881149b4,67cfc1b860a47e24a319df2c,1,familiar_word_condition,shells,shell_spiral_3_1.png,shells,1,8277,3,1
participant12,67cfb8a562de5c8e881149b4,67cfc1b860a47e24a319df2c,1,familiar_word_condition,shells,shell_stingray_3_2.png,shells,2,11981,3,2
participant12,67cfb8a562de5c8e881149b4,67cfc1b860a47e24a319df2c,2,familiar_word_condition,leaves,leaf_oak_1_1.png,leaves,1,9060,1,1
participant12,67cfb8a562de5c8e881149b4,67cfc1b860a47e24a319df2c,2,familiar_word_condition,leaves,leaf_droplet_2_1.png,leaves,2,10596,2,1
participant12,67cfb8a562de5c8e881149b4,67cfc1b860a47e24a319df2c,3,familiar_word_condition,mushrooms,mushroom_toadstool_1_1.png,mushrooms,1,9776,1,1
participant12,67cfb8a562de5c8e881149b4,67cfc1b860a47e24a319df2c,3,familiar_word_condition,mushrooms,mushroom_toadstool_2_1.png,mushrooms,2,11336,2,1
participant125,67cfb8a562de5c8e881149b4,67cfc74848de2b87ec498baf,0,familiar_word_condition,leaves,leaf_bean_2_2.png,leaves,1,5351,2,2
participant125,67cfb8a562de5c8e881149b4,67cfc74848de2b87ec498baf,0,familiar_word_condition,leaves,leaf_oak_1_1.png,leaves,2,7040,1,1
participant125,67cfb8a562de5c8e881149b4,67cfc74848de2b87ec498baf,1,familiar_word_condition,shells,shell_stingray_2_2.png,shells,1,4509,2,2
participant125,67cfb8a562de5c8e881149b4,67cfc74848de2b87ec498baf,1,familiar_word_condition,shells,shell_spiral_2_1.png,shells,2,6859,2,1
participant125,67cfb8a562de5c8e881149b4,67cfc74848de2b87ec498baf,2,familiar_word_condition,flowers,flower_iris_1_2.png,flowers,1,7385,1,2
participant125,67cfb8a562de5c8e881149b4,67cfc74848de2b87ec498baf,2,familiar_word_condition,flowers,flower_iris_3_2.png,flowers,2,8796,3,2
participant125,67cfb8a562de5c8e881149b4,67cfc74848de2b87ec498baf,3,familiar_word_condition,mushrooms,mushroom_disc_3_2.png,mushrooms,1,4272,3,2
participant125,67cfb8a562de5c8e881149b4,67cfc74848de2b87ec498baf,3,familiar_word_condition,mushrooms,mushroom_bell_3_2.png,mushrooms,2,5532,3,2
participant156,67cfb8a562de5c8e881149b4,67cfc1acc53fe0a4499237ed,0,familiar_word_condition,leaves,leaf_droplet_3_1.png,leaves,1,4053,3,1
participant156,67cfb8a562de5c8e881149b4,67cfc1acc53fe0a4499237ed,0,familiar_word_condition,leaves,leaf_bean_2_2.png,leaves,2,5209,2,2
participant156,67cfb8a562de5c8e881149b4,67cfc1acc53fe0a4499237ed,1,familiar_word_condition,flowers,flower_round_1_1.png,flowers,1,4143,1,1
participant156,67cfb8a562de5c8e881149b4,67cfc1acc53fe0a4499237ed,1,familiar_word_condition,flowers,flower_star_1_1.png,flowers,2,4872,1,1
participant156,67cfb8a562de5c8e881149b4,67cfc1acc53fe0a4499237ed,2,familiar_word_condition,shells,shell_spiral_3_1.png,shells,1,3049,3,1
participant156,67cfb8a562de5c8e881149b4,67cfc1acc53fe0a4499237ed,2,familiar_word_condition,shells,shell_stingray_1_2.png,shells,2,3857,1,2
participant156,67cfb8a562de5c8e881149b4,67cfc1acc53fe0a4499237ed,3,familiar_word_condition,mushrooms,mushroom_disc_1_2.png,mushrooms,1,3936,1,2
participant156,67cfb8a562de5c8e881149b4,67cfc1acc53fe0a4499237ed,3,familiar_word_condition,mushrooms,mushroom_toadstool_3_1.png,mushrooms,2,4684,3,1
participant160,67cfb8a562de5c8e881149b4,67cfccff084df8255d70caff,0,familiar_word_condition,shells,shell_spiral_3_1.png,shells,1,5331,3,1
participant160,67cfb8a562de5c8e881149b4,67cfccff084df8255d70caff,0,familiar_word_condition,shells,shell_fan_1_1.png,shells,2,10181,1,1
participant160,67cfb8a562de5c8e881149b4,67cfccff084df8255d70caff,1,familiar_word_condition,leaves,leaf_droplet_3_1.png,leaves,1,4293,3,1
participant160,67cfb8a562de5c8e881149b4,67cfccff084df8255d70caff,1,familiar_word_condition,leaves,leaf_oak_2_1.png,leaves,2,5970,2,1
participant160,67cfb8a562de5c8e881149b4,67cfccff084df8255d70caff,2,familiar_word_condition,flowers,flower_round_1_1.png,flowers,1,4992,1,1
participant160,67cfb8a562de5c8e881149b4,67cfccff084df8255d70caff,2,familiar_word_condition,flowers,flower_trumpet_3_2.png,flowers,2,8155,3,2
participant160,67cfb8a562de5c8e881149b4,67cfccff084df8255d70caff,3,familiar_word_condition,mushrooms,mushroom_toadstool_1_1.png,mushrooms,1,6194,1,1
participant160,67cfb8a562de5c8e881149b4,67cfccff084df8255d70caff,3,familiar_word_condition,mushrooms,mushroom_toadstool_3_1.png,mushrooms,2,9410,3,1
participant166,67cfb8a562de5c8e881149b4,67cfc661ef46495ec1cb2c33,0,familiar_word_condition,mushrooms,mushroom_toadstool_1_1.png,mushrooms,1,6920,1,1
participant166,67cfb8a562de5c8e881149b4,67cfc661ef46495ec1cb2c33,0,familiar_word_condition,mushrooms,mushroom_toadstool_2_1.png,mushrooms,2,10862,2,1
participant166,67cfb8a562de5c8e881149b4,67cfc661ef46495ec1cb2c33,1,familiar_word_condition,flowers,flower_round_1_1.png,flowers,1,8711,1,1
participant166,67cfb8a562de5c8e881149b4,67cfc661ef46495ec1cb2c33,1,familiar_word_condition,flowers,flower_star_3_1.png,flowers,2,9523,3,1
participant166,67cfb8a562de5c8e881149b4,67cfc661ef46495ec1cb2c33,2,familiar_word_condition,leaves,leaf_droplet_1_1.png,leaves,1,9318,1,1
participant166,67cfb8a562de5c8e881149b4,67cfc661ef46495ec1cb2c33,2,familiar_word_condition,leaves,leaf_droplet_2_1.png,leaves,2,12307,2,1
participant166,67cfb8a562de5c8e881149b4,67cfc661ef46495ec1cb2c33,3,familiar_word_condition,shells,shell_fan_3_1.png,shells,1,7748,3,1
participant166,67cfb8a562de5c8e881149b4,67cfc661ef46495ec1cb2c33,3,familiar_word_condition,shells,shell_spiral_3_1.png,shells,2,8549,3,1
participant169,67cfb8a562de5c8e881149b4,67cfbd8762de5c8e88114aab,0,familiar_word_condition,mushrooms,mushroom_toadstool_3_1.png,mushrooms,1,3501,3,1
participant169,67cfb8a562de5c8e881149b4,67cfbd8762de5c8e88114aab,0,familiar_word_condition,mushrooms,mushroom_disc_2_2.png,mushrooms,2,5216,2,2
participant169,67cfb8a562de5c8e881149b4,67cfbd8762de5c8e88114aab,1,familiar_word_condition,leaves,leaf_oak_2_1.png,leaves,1,2702,2,1
participant169,67cfb8a562de5c8e881149b4,67cfbd8762de5c8e88114aab,1,familiar_word_condition,leaves,leaf_droplet_2_1.png,leaves,2,4898,2,1
participant169,67cfb8a562de5c8e881149b4,67cfbd8762de5c8e88114aab,2,familiar_word_condition,flowers,flower_trumpet_2_2.png,flowers,1,3135,2,2
participant169,67cfb8a562de5c8e881149b4,67cfbd8762de5c8e88114aab,2,familiar_word_condition,flowers,flower_round_3_1.png,flowers,2,3948,3,1
participant169,67cfb8a562de5c8e881149b4,67cfbd8762de5c8e88114aab,3,familiar_word_condition,shells,shell_fan_1_1.png,shells,1,2596,1,1
participant169,67cfb8a562de5c8e881149b4,67cfbd8762de5c8e88114aab,3,familiar_word_condition,shells,shell_spiral_3_1.png,shells,2,3329,3,1
participant182,67cfb8a562de5c8e881149b4,67cfbc93d130208da11ef766,0,familiar_word_condition,shells,shell_fan_3_1.png,shells,1,4847,3,1
participant182,67cfb8a562de5c8e881149b4,67cfbc93d130208da11ef766,0,familiar_word_condition,shells,shell_fan_2_1.png,shells,2,5447,2,1
participant182,67cfb8a562de5c8e881149b4,67cfbc93d130208da11ef766,1,familiar_word_condition,mushrooms,mushroom_toadstool_3_1.png,mushrooms,1,3333,3,1
participant182,67cfb8a562de5c8e881149b4,67cfbc93d130208da11ef766,1,familiar_word_condition,mushrooms,mushroom_toadstool_1_1.png,mushrooms,2,4365,1,1
participant182,67cfb8a562de5c8e881149b4,67cfbc93d130208da11ef766,2,familiar_word_condition,leaves,leaf_oak_1_1.png,leaves,1,3441,1,1
participant182,67cfb8a562de5c8e881149b4,67cfbc93d130208da11ef766,2,familiar_word_condition,leaves,leaf_oak_3_1.png,leaves,2,4073,3,1
participant182,67cfb8a562de5c8e881149b4,67cfbc93d130208da11ef766,3,familiar_word_condition,flowers,flower_round_1_1.png,flowers,1,2210,1,1
participant182,67cfb8a562de5c8e881149b4,67cfbc93d130208da11ef766,3,familiar_word_condition,flowers,flower_round_2_1.png,flowers,2,3442,2,1
participant184,67cfb8a562de5c8e881149b4,67cfba2679313545efc93e35,0,novel_word_condition,flowers,flower_trumpet_1_2.png,palts,1,14680,1,2
participant184,67cfb8a562de5c8e881149b4,67cfba2679313545efc93e35,0,novel_word_condition,flowers,flower_iris_2_2.png,palts,2,15134,2,2
participant184,67cfb8a562de5c8e881149b4,67cfba2679313545efc93e35,1,novel_word_condition,leaves,leaf_heart_1_2.png,bines,1,7699,1,2
participant184,67cfb8a562de5c8e881149b4,67cfba2679313545efc93e35,1,novel_word_condition,leaves,leaf_heart_2_2.png,bines,2,8240,2,2
participant184,67cfb8a562de5c8e881149b4,67cfba2679313545efc93e35,2,novel_word_condition,mushrooms,mushroom_enoki_1_1.png,tinches,1,7948,1,1
participant184,67cfb8a562de5c8e881149b4,67cfba2679313545efc93e35,2,novel_word_condition,mushrooms,mushroom_disc_2_2.png,tinches,2,8561,2,2
participant184,67cfb8a562de5c8e881149b4,67cfba2679313545efc93e35,3,novel_word_condition,shells,shell_stingray_3_2.png,nefts,1,5951,3,2
participant184,67cfb8a562de5c8e881149b4,67cfba2679313545efc93e35,3,novel_word_condition,shells,shell_stingray_1_2.png,nefts,2,6487,1,2
participant195,67cfb8a562de5c8e881149b4,67cfbd1c6cb59aedf03c015d,0,familiar_word_condition,mushrooms,mushroom_toadstool_2_1.png,mushrooms,1,7914,2,1
participant195,67cfb8a562de5c8e881149b4,67cfbd1c6cb59aedf03c015d,0,familiar_word_condition,mushrooms,mushroom_toadstool_1_1.png,mushrooms,2,8961,1,1
participant195,67cfb8a562de5c8e881149b4,67cfbd1c6cb59aedf03c015d,1,familiar_word_condition,shells,shell_fan_2_1.png,shells,1,7154,2,1
participant195,67cfb8a562de5c8e881149b4,67cfbd1c6cb59aedf03c015d,1,familiar_word_condition,shells,shell_fan_1_1.png,shells,2,8090,1,1
participant195,67cfb8a562de5c8e881149b4,67cfbd1c6cb59aedf03c015d,2,familiar_word_condition,leaves,leaf_droplet_2_1.png,leaves,1,4088,2,1
participant195,67cfb8a562de5c8e881149b4,67cfbd1c6cb59aedf03c015d,2,familiar_word_condition,leaves,leaf_droplet_1_1.png,leaves,2,4672,1,1
participant195,67cfb8a562de5c8e881149b4,67cfbd1c6cb59aedf03c015d,3,familiar_word_condition,flowers,flower_round_3_1.png,flowers,1,5560,3,1
participant195,67cfb8a562de5c8e881149b4,67cfbd1c6cb59aedf03c015d,3,familiar_word_condition,flowers,flower_round_1_1.png,flowers,2,6448,1,1
participant197,67cfb8a562de5c8e881149b4,67cfbba867cfd34b2e70e6ef,0,familiar_word_condition,flowers,flower_iris_3_2.png,flowers,1,10967,3,2
participant197,67cfb8a562de5c8e881149b4,67cfbba867cfd34b2e70e6ef,0,familiar_word_condition,flowers,flower_star_1_1.png,flowers,2,13495,1,1
participant197,67cfb8a562de5c8e881149b4,67cfbba867cfd34b2e70e6ef,1,familiar_word_condition,shells,shell_spiral_2_1.png,shells,1,6940,2,1
participant197,67cfb8a562de5c8e881149b4,67cfbba867cfd34b2e70e6ef,1,familiar_word_condition,shells,shell_urn_2_2.png,shells,2,10613,2,2
participant197,67cfb8a562de5c8e881149b4,67cfbba867cfd34b2e70e6ef,2,familiar_word_condition,leaves,leaf_oak_3_1.png,leaves,1,6015,3,1
participant197,67cfb8a562de5c8e881149b4,67cfbba867cfd34b2e70e6ef,2,familiar_word_condition,leaves,leaf_droplet_3_1.png,leaves,2,8074,3,1
participant197,67cfb8a562de5c8e881149b4,67cfbba867cfd34b2e70e6ef,3,familiar_word_condition,mushrooms,mushroom_disc_2_2.png,mushrooms,1,6353,2,2
participant197,67cfb8a562de5c8e881149b4,67cfbba867cfd34b2e70e6ef,3,familiar_word_condition,mushrooms,mushroom_toadstool_2_1.png,mushrooms,2,7953,2,1
participant215,67cfb8a562de5c8e881149b4,67cfc2abdb8f3a6d9a45363d,0,familiar_word_condition,flowers,flower_iris_3_2.png,flowers,1,47863,3,2
participant215,67cfb8a562de5c8e881149b4,67cfc2abdb8f3a6d9a45363d,0,familiar_word_condition,flowers,flower_star_3_1.png,flowers,2,48797,3,1
participant215,67cfb8a562de5c8e881149b4,67cfc2abdb8f3a6d9a45363d,1,familiar_word_condition,leaves,leaf_bean_2_2.png,leaves,1,12525,2,2
participant215,67cfb8a562de5c8e881149b4,67cfc2abdb8f3a6d9a45363d,1,familiar_word_condition,leaves,leaf_droplet_1_1.png,leaves,2,13425,1,1
participant215,67cfb8a562de5c8e881149b4,67cfc2abdb8f3a6d9a45363d,2,familiar_word_condition,shells,shell_spiral_3_1.png,shells,1,12371,3,1
participant215,67cfb8a562de5c8e881149b4,67cfc2abdb8f3a6d9a45363d,2,familiar_word_condition,shells,shell_spiral_2_1.png,shells,2,13204,2,1
participant215,67cfb8a562de5c8e881149b4,67cfc2abdb8f3a6d9a45363d,3,familiar_word_condition,mushrooms,mushroom_toadstool_3_1.png,mushrooms,1,12420,3,1
participant215,67cfb8a562de5c8e881149b4,67cfc2abdb8f3a6d9a45363d,3,familiar_word_condition,mushrooms,mushroom_toadstool_2_1.png,mushrooms,2,13893,2,1
participant263,67cfb8a562de5c8e881149b4,67cfc140c53fe0a4499237d1,0,familiar_word_condition,leaves,leaf_heart_1_2.png,leaves,1,10683,1,2
participant263,67cfb8a562de5c8e881149b4,67cfc140c53fe0a4499237d1,0,familiar_word_condition,leaves,leaf_heart_3_2.png,leaves,2,11599,3,2
participant263,67cfb8a562de5c8e881149b4,67cfc140c53fe0a4499237d1,1,familiar_word_condition,flowers,flower_trumpet_2_2.png,flowers,1,6148,2,2
participant263,67cfb8a562de5c8e881149b4,67cfc140c53fe0a4499237d1,1,familiar_word_condition,flowers,flower_trumpet_1_2.png,flowers,2,6681,1,2
participant263,67cfb8a562de5c8e881149b4,67cfc140c53fe0a4499237d1,2,familiar_word_condition,mushrooms,mushroom_toadstool_3_1.png,mushrooms,1,3215,3,1
participant263,67cfb8a562de5c8e881149b4,67cfc140c53fe0a4499237d1,2,familiar_word_condition,mushrooms,mushroom_toadstool_2_1.png,mushrooms,2,4199,2,1
participant263,67cfb8a562de5c8e881149b4,67cfc140c53fe0a4499237d1,3,familiar_word_condition,shells,shell_fan_1_1.png,shells,1,4513,1,1
participant263,67cfb8a562de5c8e881149b4,67cfc140c53fe0a4499237d1,3,familiar_word_condition,shells,shell_fan_2_1.png,shells,2,7663,2,1
participant266,67cfb8a562de5c8e881149b4,67cfc0a188112b475308e2a0,0,novel_word_condition,leaves,leaf_oak_1_1.png,bines,1,3280,1,1
participant266,67cfb8a562de5c8e881149b4,67cfc0a188112b475308e2a0,0,novel_word_condition,leaves,leaf_oak_2_1.png,bines,2,4687,2,1
participant266,67cfb8a562de5c8e881149b4,67cfc0a188112b475308e2a0,1,novel_word_condition,mushrooms,mushroom_enoki_1_1.png,tinches,1,6557,1,1
participant266,67cfb8a562de5c8e881149b4,67cfc0a188112b475308e2a0,1,novel_word_condition,mushrooms,mushroom_enoki_2_1.png,tinches,2,7457,2,1
participant266,67cfb8a562de5c8e881149b4,67cfc0a188112b475308e2a0,2,novel_word_condition,flowers,flower_trumpet_3_2.png,nefts,1,5121,3,2
participant266,67cfb8a562de5c8e881149b4,67cfc0a188112b475308e2a0,2,novel_word_condition,flowers,flower_trumpet_2_2.png,nefts,2,5463,2,2
participant266,67cfb8a562de5c8e881149b4,67cfc0a188112b475308e2a0,3,novel_word_condition,shells,shell_fan_1_1.png,palts,1,4942,1,1
participant266,67cfb8a562de5c8e881149b4,67cfc0a188112b475308e2a0,3,novel_word_condition,shells,shell_fan_2_1.png,palts,2,5272,2,1
participant268,67cfb8a562de5c8e881149b4,0rcjjnjc24dn,0,novel_word_condition,flowers,flower_trumpet_3_2.png,tinches,1,1582,3,2
participant268,67cfb8a562de5c8e881149b4,0rcjjnjc24dn,0,novel_word_condition,flowers,flower_round_2_1.png,tinches,2,1999,2,1
participant268,67cfb8a562de5c8e881149b4,0rcjjnjc24dn,1,novel_word_condition,shells,shell_spiral_3_1.png,palts,1,1099,3,1
participant268,67cfb8a562de5c8e881149b4,0rcjjnjc24dn,1,novel_word_condition,shells,shell_fan_1_1.png,palts,2,1516,1,1
participant268,67cfb8a562de5c8e881149b4,0rcjjnjc24dn,2,novel_word_condition,mushrooms,mushroom_disc_3_2.png,nefts,1,983,3,2
participant268,67cfb8a562de5c8e881149b4,0rcjjnjc24dn,2,novel_word_condition,mushrooms,mushroom_bell_2_2.png,nefts,2,1599,2,2
participant268,67cfb8a562de5c8e881149b4,0rcjjnjc24dn,3,novel_word_condition,leaves,leaf_bean_1_2.png,bines,1,769,1,2
participant268,67cfb8a562de5c8e881149b4,0rcjjnjc24dn,3,novel_word_condition,leaves,leaf_oak_3_1.png,bines,2,1114,3,1
participant276,67cfb8a562de5c8e881149b4,67cfbb8d05a3cee07823ae1f,0,novel_word_condition,leaves,leaf_bean_1_2.png,palts,1,8298,1,2
participant276,67cfb8a562de5c8e881149b4,67cfbb8d05a3cee07823ae1f,0,novel_word_condition,leaves,leaf_bean_2_2.png,palts,2,8843,2,2
participant276,67cfb8a562de5c8e881149b4,67cfbb8d05a3cee07823ae1f,1,novel_word_condition,shells,shell_fan_2_1.png,nefts,1,5123,2,1
participant276,67cfb8a562de5c8e881149b4,67cfbb8d05a3cee07823ae1f,1,novel_word_condition,shells,shell_fan_1_1.png,nefts,2,5510,1,1
participant276,67cfb8a562de5c8e881149b4,67cfbb8d05a3cee07823ae1f,2,novel_word_condition,flowers,flower_trumpet_2_2.png,tinches,1,3399,2,2
participant276,67cfb8a562de5c8e881149b4,67cfbb8d05a3cee07823ae1f,2,novel_word_condition,flowers,flower_trumpet_3_2.png,tinches,2,3632,3,2
participant276,67cfb8a562de5c8e881149b4,67cfbb8d05a3cee07823ae1f,3,novel_word_condition,mushrooms,mushroom_toadstool_1_1.png,bines,1,4815,1,1
participant276,67cfb8a562de5c8e881149b4,67cfbb8d05a3cee07823ae1f,3,novel_word_condition,mushrooms,mushroom_toadstool_2_1.png,bines,2,5098,2,1
participant280,67cfb8a562de5c8e881149b4,67cfbab01ef6e67916567a41,0,novel_word_condition,shells,shell_stingray_2_2.png,nefts,1,12099,2,2
participant280,67cfb8a562de5c8e881149b4,67cfbab01ef6e67916567a41,0,novel_word_condition,shells,shell_stingray_3_2.png,nefts,2,12834,3,2
participant280,67cfb8a562de5c8e881149b4,67cfbab01ef6e67916567a41,1,novel_word_condition,leaves,leaf_bean_3_2.png,tinches,1,13354,3,2
participant280,67cfb8a562de5c8e881149b4,67cfbab01ef6e67916567a41,1,novel_word_condition,leaves,leaf_bean_1_2.png,tinches,2,14402,1,2
participant280,67cfb8a562de5c8e881149b4,67cfbab01ef6e67916567a41,2,novel_word_condition,flowers,flower_trumpet_3_2.png,bines,1,13029,3,2
participant280,67cfb8a562de5c8e881149b4,67cfbab01ef6e67916567a41,2,novel_word_condition,flowers,flower_trumpet_1_2.png,bines,2,13356,1,2
participant280,67cfb8a562de5c8e881149b4,67cfbab01ef6e67916567a41,3,novel_word_condition,mushrooms,mushroom_enoki_1_1.png,palts,1,11328,1,1
participant280,67cfb8a562de5c8e881149b4,67cfbab01ef6e67916567a41,3,novel_word_condition,mushrooms,mushroom_enoki_2_1.png,palts,2,11748,2,1
participant344,67cfb8a562de5c8e881149b4,67cfbc00cae5677f2c393f22,0,novel_word_condition,mushrooms,mushroom_disc_3_2.png,nefts,1,16455,3,2
participant344,67cfb8a562de5c8e881149b4,67cfbc00cae5677f2c393f22,0,novel_word_condition,mushrooms,mushroom_bell_2_2.png,nefts,2,19351,2,2
participant344,67cfb8a562de5c8e881149b4,67cfbc00cae5677f2c393f22,1,novel_word_condition,leaves,leaf_bean_1_2.png,bines,1,173247,1,2
participant344,67cfb8a562de5c8e881149b4,67cfbc00cae5677f2c393f22,1,novel_word_condition,leaves,leaf_bean_2_2.png,bines,2,173815,2,2
participant344,67cfb8a562de5c8e881149b4,67cfbc00cae5677f2c393f22,2,novel_word_condition,shells,shell_spiral_2_1.png,tinches,1,22083,2,1
participant344,67cfb8a562de5c8e881149b4,67cfbc00cae5677f2c393f22,2,novel_word_condition,shells,shell_spiral_3_1.png,tinches,2,22931,3,1
participant344,67cfb8a562de5c8e881149b4,67cfbc00cae5677f2c393f22,3,novel_word_condition,flowers,flower_trumpet_1_2.png,palts,1,59906,1,2
participant344,67cfb8a562de5c8e881149b4,67cfbc00cae5677f2c393f22,3,novel_word_condition,flowers,flower_iris_3_2.png,palts,2,62746,3,2
participant362,67cfb8a562de5c8e881149b4,67cfbdf11f20553b157204d8,0,familiar_word_condition,shells,shell_fan_1_1.png,shells,1,59026,1,1
participant362,67cfb8a562de5c8e881149b4,67cfbdf11f20553b157204d8,0,familiar_word_condition,shells,shell_spiral_3_1.png,shells,2,63234,3,1
participant362,67cfb8a562de5c8e881149b4,67cfbdf11f20553b157204d8,1,familiar_word_condition,flowers,flower_iris_2_2.png,flowers,1,16605,2,2
participant362,67cfb8a562de5c8e881149b4,67cfbdf11f20553b157204d8,1,familiar_word_condition,flowers,flower_trumpet_3_2.png,flowers,2,42181,3,2
participant362,67cfb8a562de5c8e881149b4,67cfbdf11f20553b157204d8,2,familiar_word_condition,leaves,leaf_droplet_1_1.png,leaves,1,24764,1,1
participant362,67cfb8a562de5c8e881149b4,67cfbdf11f20553b157204d8,2,familiar_word_condition,leaves,leaf_droplet_3_1.png,leaves,2,25964,3,1
participant362,67cfb8a562de5c8e881149b4,67cfbdf11f20553b157204d8,3,familiar_word_condition,mushrooms,mushroom_bell_1_2.png,mushrooms,1,18312,1,2
participant362,67cfb8a562de5c8e881149b4,67cfbdf11f20553b157204d8,3,familiar_word_condition,mushrooms,mushroom_bell_2_2.png,mushrooms,2,19951,2,2
participant366,67cfb8a562de5c8e881149b4,67cfbfc747be5309054e1e92,0,familiar_word_condition,mushrooms,mushroom_bell_1_2.png,mushrooms,1,7120,1,2
participant366,67cfb8a562de5c8e881149b4,67cfbfc747be5309054e1e92,0,familiar_word_condition,mushrooms,mushroom_enoki_2_1.png,mushrooms,2,9418,2,1
participant366,67cfb8a562de5c8e881149b4,67cfbfc747be5309054e1e92,1,familiar_word_condition,shells,shell_spiral_2_1.png,shells,1,8171,2,1
participant366,67cfb8a562de5c8e881149b4,67cfbfc747be5309054e1e92,1,familiar_word_condition,shells,shell_stingray_1_2.png,shells,2,9548,1,2
participant366,67cfb8a562de5c8e881149b4,67cfbfc747be5309054e1e92,2,familiar_word_condition,leaves,leaf_droplet_2_1.png,leaves,1,3559,2,1
participant366,67cfb8a562de5c8e881149b4,67cfbfc747be5309054e1e92,2,familiar_word_condition,leaves,leaf_droplet_1_1.png,leaves,2,6817,1,1
participant366,67cfb8a562de5c8e881149b4,67cfbfc747be5309054e1e92,3,familiar_word_condition,flowers,flower_round_1_1.png,flowers,1,5671,1,1
participant366,67cfb8a562de5c8e881149b4,67cfbfc747be5309054e1e92,3,familiar_word_condition,flowers,flower_trumpet_2_2.png,flowers,2,9994,2,2
participant390,67cfb8a562de5c8e881149b4,67cfc77399afce993a5369c5,0,novel_word_condition,leaves,leaf_bean_3_2.png,palts,1,2722,3,2
participant390,67cfb8a562de5c8e881149b4,67cfc77399afce993a5369c5,0,novel_word_condition,leaves,leaf_bean_1_2.png,palts,2,3303,1,2
participant390,67cfb8a562de5c8e881149b4,67cfc77399afce993a5369c5,1,novel_word_condition,flowers,flower_trumpet_1_2.png,tinches,1,3002,1,2
participant390,67cfb8a562de5c8e881149b4,67cfc77399afce993a5369c5,1,novel_word_condition,flowers,flower_trumpet_3_2.png,tinches,2,3690,3,2
participant390,67cfb8a562de5c8e881149b4,67cfc77399afce993a5369c5,2,novel_word_condition,mushrooms,mushroom_enoki_3_1.png,nefts,1,2041,3,1
participant390,67cfb8a562de5c8e881149b4,67cfc77399afce993a5369c5,2,novel_word_condition,mushrooms,mushroom_enoki_1_1.png,nefts,2,2624,1,1
participant390,67cfb8a562de5c8e881149b4,67cfc77399afce993a5369c5,3,novel_word_condition,shells,shell_stingray_3_2.png,bines,1,1687,3,2
participant390,67cfb8a562de5c8e881149b4,67cfc77399afce993a5369c5,3,novel_word_condition,shells,shell_stingray_1_2.png,bines,2,2130,1,2
participant411,67cfb8a562de5c8e881149b4,67cfbc86e2c7c714932afcef,0,familiar_word_condition,leaves,leaf_oak_3_1.png,leaves,1,4720,3,1
participant411,67cfb8a562de5c8e881149b4,67cfbc86e2c7c714932afcef,0,familiar_word_condition,leaves,leaf_oak_1_1.png,leaves,2,5102,1,1
participant411,67cfb8a562de5c8e881149b4,67cfbc86e2c7c714932afcef,1,familiar_word_condition,shells,shell_spiral_1_1.png,shells,1,12611,1,1
participant411,67cfb8a562de5c8e881149b4,67cfbc86e2c7c714932afcef,1,familiar_word_condition,shells,shell_urn_1_2.png,shells,2,13640,1,2
participant411,67cfb8a562de5c8e881149b4,67cfbc86e2c7c714932afcef,2,familiar_word_condition,mushrooms,mushroom_toadstool_3_1.png,mushrooms,1,2474,3,1
participant411,67cfb8a562de5c8e881149b4,67cfbc86e2c7c714932afcef,2,familiar_word_condition,mushrooms,mushroom_bell_3_2.png,mushrooms,2,3099,3,2
participant411,67cfb8a562de5c8e881149b4,67cfbc86e2c7c714932afcef,3,familiar_word_condition,flowers,flower_star_1_1.png,flowers,1,25977,1,1
participant411,67cfb8a562de5c8e881149b4,67cfbc86e2c7c714932afcef,3,familiar_word_condition,flowers,flower_iris_2_2.png,flowers,2,27421,2,2
participant42,67cfb8a562de5c8e881149b4,67cfbe4e0902f3297f662958,0,familiar_word_condition,flowers,flower_star_2_1.png,flowers,1,10912,2,1
participant42,67cfb8a562de5c8e881149b4,67cfbe4e0902f3297f662958,0,familiar_word_condition,flowers,flower_trumpet_1_2.png,flowers,2,16128,1,2
participant42,67cfb8a562de5c8e881149b4,67cfbe4e0902f3297f662958,1,familiar_word_condition,mushrooms,mushroom_enoki_2_1.png,mushrooms,1,4647,2,1
participant42,67cfb8a562de5c8e881149b4,67cfbe4e0902f3297f662958,1,familiar_word_condition,mushrooms,mushroom_toadstool_3_1.png,mushrooms,2,6698,3,1
participant42,67cfb8a562de5c8e881149b4,67cfbe4e0902f3297f662958,2,familiar_word_condition,leaves,leaf_droplet_3_1.png,leaves,1,4098,3,1
participant42,67cfb8a562de5c8e881149b4,67cfbe4e0902f3297f662958,2,familiar_word_condition,leaves,leaf_droplet_1_1.png,leaves,2,6297,1,1
participant42,67cfb8a562de5c8e881149b4,67cfbe4e0902f3297f662958,3,familiar_word_condition,shells,shell_spiral_1_1.png,shells,1,8779,1,1
participant42,67cfb8a562de5c8e881149b4,67cfbe4e0902f3297f662958,3,familiar_word_condition,shells,shell_spiral_3_1.png,shells,2,15530,3,1
participant427,67cfb8a562de5c8e881149b4,67cfbbf26bdd21595b2b7ce7,0,novel_word_condition,leaves,leaf_heart_1_2.png,tinches,1,10792,1,2
participant427,67cfb8a562de5c8e881149b4,67cfbbf26bdd21595b2b7ce7,0,novel_word_condition,leaves,leaf_bean_2_2.png,tinches,2,13872,2,2
participant427,67cfb8a562de5c8e881149b4,67cfbbf26bdd21595b2b7ce7,1,novel_word_condition,shells,shell_fan_1_1.png,nefts,1,11051,1,1
participant427,67cfb8a562de5c8e881149b4,67cfbbf26bdd21595b2b7ce7,1,novel_word_condition,shells,shell_fan_3_1.png,nefts,2,11739,3,1
participant427,67cfb8a562de5c8e881149b4,67cfbbf26bdd21595b2b7ce7,2,novel_word_condition,flowers,flower_trumpet_1_2.png,palts,1,11280,1,2
participant427,67cfb8a562de5c8e881149b4,67cfbbf26bdd21595b2b7ce7,2,novel_word_condition,flowers,flower_trumpet_3_2.png,palts,2,11767,3,2
participant427,67cfb8a562de5c8e881149b4,67cfbbf26bdd21595b2b7ce7,3,novel_word_condition,mushrooms,mushroom_disc_2_2.png,bines,1,8713,2,2
participant427,67cfb8a562de5c8e881149b4,67cfbbf26bdd21595b2b7ce7,3,novel_word_condition,mushrooms,mushroom_disc_3_2.png,bines,2,9233,3,2
participant430,67cfb8a562de5c8e881149b4,67cfc18f78db9a404070d739,0,novel_word_condition,flowers,flower_iris_1_2.png,tinches,1,22247,1,2
participant430,67cfb8a562de5c8e881149b4,67cfc18f78db9a404070d739,0,novel_word_condition,flowers,flower_iris_3_2.png,tinches,2,35959,3,2
participant430,67cfb8a562de5c8e881149b4,67cfc18f78db9a404070d739,1,novel_word_condition,mushrooms,mushroom_enoki_1_1.png,palts,1,64587,1,1
participant430,67cfb8a562de5c8e881149b4,67cfc18f78db9a404070d739,1,novel_word_condition,mushrooms,mushroom_enoki_3_1.png,palts,2,66635,3,1
participant430,67cfb8a562de5c8e881149b4,67cfc18f78db9a404070d739,2,novel_word_condition,leaves,leaf_oak_1_1.png,bines,1,49396,1,1
participant430,67cfb8a562de5c8e881149b4,67cfc18f78db9a404070d739,2,novel_word_condition,leaves,leaf_oak_3_1.png,bines,2,54421,3,1
participant430,67cfb8a562de5c8e881149b4,67cfc18f78db9a404070d739,3,novel_word_condition,shells,shell_urn_1_2.png,nefts,1,56251,1,2
participant430,67cfb8a562de5c8e881149b4,67cfc18f78db9a404070d739,3,novel_word_condition,shells,shell_urn_3_2.png,nefts,2,57499,3,2
participant45,67cfb8a562de5c8e881149b4,67cfc189630285f8a2de5d61,0,familiar_word_condition,shells,shell_spiral_2_1.png,shells,1,3497,2,1
participant45,67cfb8a562de5c8e881149b4,67cfc189630285f8a2de5d61,0,familiar_word_condition,shells,shell_fan_3_1.png,shells,2,3869,3,1
participant45,67cfb8a562de5c8e881149b4,67cfc189630285f8a2de5d61,1,familiar_word_condition,leaves,leaf_oak_2_1.png,leaves,1,1979,2,1
participant45,67cfb8a562de5c8e881149b4,67cfc189630285f8a2de5d61,1,familiar_word_condition,leaves,leaf_oak_3_1.png,leaves,2,2308,3,1
participant45,67cfb8a562de5c8e881149b4,67cfc189630285f8a2de5d61,2,familiar_word_condition,mushrooms,mushroom_toadstool_3_1.png,mushrooms,1,2018,3,1
participant45,67cfb8a562de5c8e881149b4,67cfc189630285f8a2de5d61,2,familiar_word_condition,mushrooms,mushroom_enoki_3_1.png,mushrooms,2,2539,3,1
participant45,67cfb8a562de5c8e881149b4,67cfc189630285f8a2de5d61,3,familiar_word_condition,flowers,flower_star_3_1.png,flowers,1,2283,3,1
participant45,67cfb8a562de5c8e881149b4,67cfc189630285f8a2de5d61,3,familiar_word_condition,flowers,flower_trumpet_1_2.png,flowers,2,2656,1,2
participant453,67cfb8a562de5c8e881149b4,67cfc383fa3e2109c1498e08,0,novel_word_condition,flowers,flower_star_2_1.png,palts,1,11112,2,1
participant453,67cfb8a562de5c8e881149b4,67cfc383fa3e2109c1498e08,0,novel_word_condition,flowers,flower_star_3_1.png,palts,2,12095,3,1
participant453,67cfb8a562de5c8e881149b4,67cfc383fa3e2109c1498e08,1,novel_word_condition,leaves,leaf_oak_2_1.png,tinches,1,17952,2,1
participant453,67cfb8a562de5c8e881149b4,67cfc383fa3e2109c1498e08,1,novel_word_condition,leaves,leaf_oak_3_1.png,tinches,2,19105,3,1
participant453,67cfb8a562de5c8e881149b4,67cfc383fa3e2109c1498e08,2,novel_word_condition,shells,shell_stingray_3_2.png,nefts,1,9338,3,2
participant453,67cfb8a562de5c8e881149b4,67cfc383fa3e2109c1498e08,2,novel_word_condition,shells,shell_stingray_1_2.png,nefts,2,10053,1,2
participant453,67cfb8a562de5c8e881149b4,67cfc383fa3e2109c1498e08,3,novel_word_condition,mushrooms,mushroom_disc_2_2.png,bines,1,15222,2,2
participant453,67cfb8a562de5c8e881149b4,67cfc383fa3e2109c1498e08,3,novel_word_condition,mushrooms,mushroom_toadstool_1_1.png,bines,2,27708,1,1
participant463,67cfb8a562de5c8e881149b4,67cfbea278db9a404070d6bd,0,familiar_word_condition,mushrooms,mushroom_toadstool_3_1.png,mushrooms,1,10153,3,1
participant463,67cfb8a562de5c8e881149b4,67cfbea278db9a404070d6bd,0,familiar_word_condition,mushrooms,mushroom_toadstool_1_1.png,mushrooms,2,11507,1,1
participant463,67cfb8a562de5c8e881149b4,67cfbea278db9a404070d6bd,1,familiar_word_condition,leaves,leaf_oak_2_1.png,leaves,1,7471,2,1
participant463,67cfb8a562de5c8e881149b4,67cfbea278db9a404070d6bd,1,familiar_word_condition,leaves,leaf_oak_3_1.png,leaves,2,8316,3,1
participant463,67cfb8a562de5c8e881149b4,67cfbea278db9a404070d6bd,2,familiar_word_condition,flowers,flower_trumpet_2_2.png,flowers,1,6669,2,2
participant463,67cfb8a562de5c8e881149b4,67cfbea278db9a404070d6bd,2,familiar_word_condition,flowers,flower_trumpet_3_2.png,flowers,2,9085,3,2
participant463,67cfb8a562de5c8e881149b4,67cfbea278db9a404070d6bd,3,familiar_word_condition,shells,shell_spiral_3_1.png,shells,1,7694,3,1
participant463,67cfb8a562de5c8e881149b4,67cfbea278db9a404070d6bd,3,familiar_word_condition,shells,shell_spiral_1_1.png,shells,2,8648,1,1
participant487,67cfb8a562de5c8e881149b4,67cfbe4166b1c763477b0c89,0,novel_word_condition,leaves,leaf_bean_2_2.png,bines,1,23044,2,2
participant487,67cfb8a562de5c8e881149b4,67cfbe4166b1c763477b0c89,0,novel_word_condition,leaves,leaf_heart_3_2.png,bines,2,23577,3,2
participant487,67cfb8a562de5c8e881149b4,67cfbe4166b1c763477b0c89,1,novel_word_condition,shells,shell_urn_2_2.png,nefts,1,21347,2,2
participant487,67cfb8a562de5c8e881149b4,67cfbe4166b1c763477b0c89,1,novel_word_condition,shells,shell_stingray_2_2.png,nefts,2,21947,2,2
participant487,67cfb8a562de5c8e881149b4,67cfbe4166b1c763477b0c89,2,novel_word_condition,flowers,flower_iris_2_2.png,tinches,1,3515,2,2
participant487,67cfb8a562de5c8e881149b4,67cfbe4166b1c763477b0c89,2,novel_word_condition,flowers,flower_round_1_1.png,tinches,2,4066,1,1
participant487,67cfb8a562de5c8e881149b4,67cfbe4166b1c763477b0c89,3,novel_word_condition,mushrooms,mushroom_enoki_3_1.png,palts,1,3099,3,1
participant487,67cfb8a562de5c8e881149b4,67cfbe4166b1c763477b0c89,3,novel_word_condition,mushrooms,mushroom_disc_2_2.png,palts,2,3564,2,2
participant52,67cfb8a562de5c8e881149b4,67cfbeb635e72f43d6c7a966,0,novel_word_condition,shells,shell_stingray_1_2.png,tinches,1,8562,1,2
participant52,67cfb8a562de5c8e881149b4,67cfbeb635e72f43d6c7a966,0,novel_word_condition,shells,shell_stingray_3_2.png,tinches,2,9495,3,2
participant52,67cfb8a562de5c8e881149b4,67cfbeb635e72f43d6c7a966,1,novel_word_condition,flowers,flower_trumpet_2_2.png,bines,1,6499,2,2
participant52,67cfb8a562de5c8e881149b4,67cfbeb635e72f43d6c7a966,1,novel_word_condition,flowers,flower_trumpet_3_2.png,bines,2,9262,3,2
participant52,67cfb8a562de5c8e881149b4,67cfbeb635e72f43d6c7a966,2,novel_word_condition,leaves,leaf_oak_3_1.png,nefts,1,6489,3,1
participant52,67cfb8a562de5c8e881149b4,67cfbeb635e72f43d6c7a966,2,novel_word_condition,leaves,leaf_oak_2_1.png,nefts,2,7318,2,1
participant52,67cfb8a562de5c8e881149b4,67cfbeb635e72f43d6c7a966,3,novel_word_condition,mushrooms,mushroom_disc_2_2.png,palts,1,9828,2,2
participant52,67cfb8a562de5c8e881149b4,67cfbeb635e72f43d6c7a966,3,novel_word_condition,mushrooms,mushroom_disc_3_2.png,palts,2,12386,3,2
participant53,UNSAVED-STUDY,02ogalyzzmhn,0,familiar_word_condition,flowers,flower_round_3_1.png,flowers,1,1616,3,1
participant53,UNSAVED-STUDY,02ogalyzzmhn,0,familiar_word_condition,flowers,flower_iris_3_2.png,flowers,2,2081,3,2
participant53,UNSAVED-STUDY,02ogalyzzmhn,1,familiar_word_condition,shells,shell_urn_3_2.png,shells,1,1149,3,2
participant53,UNSAVED-STUDY,02ogalyzzmhn,1,familiar_word_condition,shells,shell_fan_2_1.png,shells,2,1521,2,1
participant53,UNSAVED-STUDY,02ogalyzzmhn,2,familiar_word_condition,mushrooms,mushroom_bell_1_2.png,mushrooms,1,943,1,2
participant53,UNSAVED-STUDY,02ogalyzzmhn,2,familiar_word_condition,mushrooms,mushroom_disc_2_2.png,mushrooms,2,1343,2,2
participant53,UNSAVED-STUDY,02ogalyzzmhn,3,familiar_word_condition,leaves,leaf_droplet_1_1.png,leaves,1,881,1,1
participant53,UNSAVED-STUDY,02ogalyzzmhn,3,familiar_word_condition,leaves,leaf_bean_2_2.png,leaves,2,1250,2,2
participant568,67cfb8a562de5c8e881149b4,67cfc50f7268fc6b51fceca1,0,familiar_word_condition,mushrooms,mushroom_disc_2_2.png,mushrooms,1,4452,2,2
participant568,67cfb8a562de5c8e881149b4,67cfc50f7268fc6b51fceca1,0,familiar_word_condition,mushrooms,mushroom_enoki_3_1.png,mushrooms,2,6639,3,1
participant568,67cfb8a562de5c8e881149b4,67cfc50f7268fc6b51fceca1,1,familiar_word_condition,leaves,leaf_oak_3_1.png,leaves,1,2557,3,1
participant568,67cfb8a562de5c8e881149b4,67cfc50f7268fc6b51fceca1,1,familiar_word_condition,leaves,leaf_oak_2_1.png,leaves,2,2824,2,1
participant568,67cfb8a562de5c8e881149b4,67cfc50f7268fc6b51fceca1,2,familiar_word_condition,shells,shell_fan_3_1.png,shells,1,2288,3,1
participant568,67cfb8a562de5c8e881149b4,67cfc50f7268fc6b51fceca1,2,familiar_word_condition,shells,shell_fan_1_1.png,shells,2,2672,1,1
participant568,67cfb8a562de5c8e881149b4,67cfc50f7268fc6b51fceca1,3,familiar_word_condition,flowers,flower_star_3_1.png,flowers,1,2480,3,1
participant568,67cfb8a562de5c8e881149b4,67cfc50f7268fc6b51fceca1,3,familiar_word_condition,flowers,flower_star_1_1.png,flowers,2,2924,1,1
participant572,UNSAVED-STUDY,02ogalyzzmhn,0,familiar_word_condition,flowers,flower_trumpet_3_2.png,flowers,1,1384,3,2
participant572,UNSAVED-STUDY,02ogalyzzmhn,0,familiar_word_condition,flowers,flower_iris_1_2.png,flowers,2,1799,1,2
participant572,UNSAVED-STUDY,02ogalyzzmhn,1,familiar_word_condition,leaves,leaf_heart_3_2.png,leaves,1,832,3,2
participant572,UNSAVED-STUDY,02ogalyzzmhn,1,familiar_word_condition,leaves,leaf_heart_1_2.png,leaves,2,1331,1,2
participant572,UNSAVED-STUDY,02ogalyzzmhn,2,familiar_word_condition,mushrooms,mushroom_toadstool_2_1.png,mushrooms,1,898,2,1
participant572,UNSAVED-STUDY,02ogalyzzmhn,2,familiar_word_condition,mushrooms,mushroom_enoki_2_1.png,mushrooms,2,1446,2,1
participant572,UNSAVED-STUDY,02ogalyzzmhn,3,familiar_word_condition,shells,shell_fan_2_1.png,shells,1,839,2,1
participant572,UNSAVED-STUDY,02ogalyzzmhn,3,familiar_word_condition,shells,shell_stingray_3_2.png,shells,2,1316,3,2
participant576,67cfb8a562de5c8e881149b4,67cfc3e2812f16fb1cfe73e6,0,familiar_word_condition,shells,shell_spiral_2_1.png,shells,1,5392,2,1
participant576,67cfb8a562de5c8e881149b4,67cfc3e2812f16fb1cfe73e6,0,familiar_word_condition,shells,shell_spiral_3_1.png,shells,2,6467,3,1
participant576,67cfb8a562de5c8e881149b4,67cfc3e2812f16fb1cfe73e6,1,familiar_word_condition,mushrooms,mushroom_toadstool_3_1.png,mushrooms,1,6093,3,1
participant576,67cfb8a562de5c8e881149b4,67cfc3e2812f16fb1cfe73e6,1,familiar_word_condition,mushrooms,mushroom_disc_2_2.png,mushrooms,2,6717,2,2
participant576,67cfb8a562de5c8e881149b4,67cfc3e2812f16fb1cfe73e6,2,familiar_word_condition,flowers,flower_round_3_1.png,flowers,1,6322,3,1
participant576,67cfb8a562de5c8e881149b4,67cfc3e2812f16fb1cfe73e6,2,familiar_word_condition,flowers,flower_round_1_1.png,flowers,2,6738,1,1
participant576,67cfb8a562de5c8e881149b4,67cfc3e2812f16fb1cfe73e6,3,familiar_word_condition,leaves,leaf_oak_1_1.png,leaves,1,2917,1,1
participant576,67cfb8a562de5c8e881149b4,67cfc3e2812f16fb1cfe73e6,3,familiar_word_condition,leaves,leaf_oak_3_1.png,leaves,2,3110,3,1
participant577,67cfb8a562de5c8e881149b4,67cfc53e48de2b87ec498b65,0,novel_word_condition,shells,shell_stingray_1_2.png,tinches,1,7960,1,2
participant577,67cfb8a562de5c8e881149b4,67cfc53e48de2b87ec498b65,0,novel_word_condition,shells,shell_stingray_2_2.png,tinches,2,8490,2,2
participant577,67cfb8a562de5c8e881149b4,67cfc53e48de2b87ec498b65,1,novel_word_condition,leaves,leaf_bean_2_2.png,palts,1,8304,2,2
participant577,67cfb8a562de5c8e881149b4,67cfc53e48de2b87ec498b65,1,novel_word_condition,leaves,leaf_bean_1_2.png,palts,2,10016,1,2
participant577,67cfb8a562de5c8e881149b4,67cfc53e48de2b87ec498b65,2,novel_word_condition,mushrooms,mushroom_enoki_1_1.png,bines,1,4131,1,1
participant577,67cfb8a562de5c8e881149b4,67cfc53e48de2b87ec498b65,2,novel_word_condition,mushrooms,mushroom_enoki_2_1.png,bines,2,4704,2,1
participant577,67cfb8a562de5c8e881149b4,67cfc53e48de2b87ec498b65,3,novel_word_condition,flowers,flower_iris_1_2.png,nefts,1,11486,1,2
participant577,67cfb8a562de5c8e881149b4,67cfc53e48de2b87ec498b65,3,novel_word_condition,flowers,flower_iris_2_2.png,nefts,2,13262,2,2
participant586,67cfb8a562de5c8e881149b4,67cfc0cb2c60ac97d88d2b6d,0,familiar_word_condition,flowers,flower_round_2_1.png,flowers,1,6215,2,1
participant586,67cfb8a562de5c8e881149b4,67cfc0cb2c60ac97d88d2b6d,0,familiar_word_condition,flowers,flower_star_1_1.png,flowers,2,7639,1,1
participant586,67cfb8a562de5c8e881149b4,67cfc0cb2c60ac97d88d2b6d,1,familiar_word_condition,shells,shell_fan_2_1.png,shells,1,4635,2,1
participant586,67cfb8a562de5c8e881149b4,67cfc0cb2c60ac97d88d2b6d,1,familiar_word_condition,shells,shell_fan_1_1.png,shells,2,5187,1,1
participant586,67cfb8a562de5c8e881149b4,67cfc0cb2c60ac97d88d2b6d,2,familiar_word_condition,leaves,leaf_oak_2_1.png,leaves,1,4474,2,1
participant586,67cfb8a562de5c8e881149b4,67cfc0cb2c60ac97d88d2b6d,2,familiar_word_condition,leaves,leaf_droplet_2_1.png,leaves,2,5146,2,1
participant586,67cfb8a562de5c8e881149b4,67cfc0cb2c60ac97d88d2b6d,3,familiar_word_condition,mushrooms,mushroom_toadstool_1_1.png,mushrooms,1,5049,1,1
participant586,67cfb8a562de5c8e881149b4,67cfc0cb2c60ac97d88d2b6d,3,familiar_word_condition,mushrooms,mushroom_toadstool_2_1.png,mushrooms,2,5937,2,1
participant605,67cfb8a562de5c8e881149b4,67cfba7c76226dd65d452e89,0,familiar_word_condition,leaves,leaf_heart_2_2.png,leaves,1,4667,2,2
participant605,67cfb8a562de5c8e881149b4,67cfba7c76226dd65d452e89,0,familiar_word_condition,leaves,leaf_droplet_1_1.png,leaves,2,6301,1,1
participant605,67cfb8a562de5c8e881149b4,67cfba7c76226dd65d452e89,1,familiar_word_condition,shells,shell_fan_3_1.png,shells,1,7919,3,1
participant605,67cfb8a562de5c8e881149b4,67cfba7c76226dd65d452e89,1,familiar_word_condition,shells,shell_spiral_1_1.png,shells,2,8619,1,1
participant605,67cfb8a562de5c8e881149b4,67cfba7c76226dd65d452e89,2,familiar_word_condition,flowers,flower_round_1_1.png,flowers,1,4667,1,1
participant605,67cfb8a562de5c8e881149b4,67cfba7c76226dd65d452e89,2,familiar_word_condition,flowers,flower_iris_2_2.png,flowers,2,10552,2,2
participant605,67cfb8a562de5c8e881149b4,67cfba7c76226dd65d452e89,3,familiar_word_condition,mushrooms,mushroom_toadstool_3_1.png,mushrooms,1,6117,3,1
participant605,67cfb8a562de5c8e881149b4,67cfba7c76226dd65d452e89,3,familiar_word_condition,mushrooms,mushroom_bell_2_2.png,mushrooms,2,7484,2,2
participant607,67cfb8a562de5c8e881149b4,67cfc662236fc314a36d15c0,0,familiar_word_condition,shells,shell_fan_3_1.png,shells,1,6207,3,1
participant607,67cfb8a562de5c8e881149b4,67cfc662236fc314a36d15c0,0,familiar_word_condition,shells,shell_spiral_3_1.png,shells,2,8900,3,1
participant607,67cfb8a562de5c8e881149b4,67cfc662236fc314a36d15c0,1,familiar_word_condition,mushrooms,mushroom_toadstool_3_1.png,mushrooms,1,2863,3,1
participant607,67cfb8a562de5c8e881149b4,67cfc662236fc314a36d15c0,1,familiar_word_condition,mushrooms,mushroom_toadstool_2_1.png,mushrooms,2,4080,2,1
participant607,67cfb8a562de5c8e881149b4,67cfc662236fc314a36d15c0,2,familiar_word_condition,leaves,leaf_oak_2_1.png,leaves,1,3599,2,1
participant607,67cfb8a562de5c8e881149b4,67cfc662236fc314a36d15c0,2,familiar_word_condition,leaves,leaf_oak_3_1.png,leaves,2,4381,3,1
participant607,67cfb8a562de5c8e881149b4,67cfc662236fc314a36d15c0,3,familiar_word_condition,flowers,flower_star_1_1.png,flowers,1,4981,1,1
participant607,67cfb8a562de5c8e881149b4,67cfc662236fc314a36d15c0,3,familiar_word_condition,flowers,flower_round_3_1.png,flowers,2,5764,3,1
participant609,67cfb8a562de5c8e881149b4,67cfc0bac53fe0a4499237a2,0,familiar_word_condition,leaves,leaf_oak_2_1.png,leaves,1,7334,2,1
participant609,67cfb8a562de5c8e881149b4,67cfc0bac53fe0a4499237a2,0,familiar_word_condition,leaves,leaf_oak_3_1.png,leaves,2,8332,3,1
participant609,67cfb8a562de5c8e881149b4,67cfc0bac53fe0a4499237a2,1,familiar_word_condition,shells,shell_spiral_3_1.png,shells,1,5881,3,1
participant609,67cfb8a562de5c8e881149b4,67cfc0bac53fe0a4499237a2,1,familiar_word_condition,shells,shell_spiral_1_1.png,shells,2,7619,1,1
participant609,67cfb8a562de5c8e881149b4,67cfc0bac53fe0a4499237a2,2,familiar_word_condition,mushrooms,mushroom_toadstool_1_1.png,mushrooms,1,7096,1,1
participant609,67cfb8a562de5c8e881149b4,67cfc0bac53fe0a4499237a2,2,familiar_word_condition,mushrooms,mushroom_disc_2_2.png,mushrooms,2,8284,2,2
participant609,67cfb8a562de5c8e881149b4,67cfc0bac53fe0a4499237a2,3,familiar_word_condition,flowers,flower_round_1_1.png,flowers,1,8148,1,1
participant609,67cfb8a562de5c8e881149b4,67cfc0bac53fe0a4499237a2,3,familiar_word_condition,flowers,flower_round_2_1.png,flowers,2,8759,2,1
participant614,67cfb8a562de5c8e881149b4,67cfc14638992259cbc93ffd,0,familiar_word_condition,mushrooms,mushroom_enoki_1_1.png,mushrooms,1,4290,1,1
participant614,67cfb8a562de5c8e881149b4,67cfc14638992259cbc93ffd,0,familiar_word_condition,mushrooms,mushroom_enoki_2_1.png,mushrooms,2,6397,2,1
participant614,67cfb8a562de5c8e881149b4,67cfc14638992259cbc93ffd,1,familiar_word_condition,flowers,flower_star_1_1.png,flowers,1,2796,1,1
participant614,67cfb8a562de5c8e881149b4,67cfc14638992259cbc93ffd,1,familiar_word_condition,flowers,flower_iris_2_2.png,flowers,2,4407,2,2
participant614,67cfb8a562de5c8e881149b4,67cfc14638992259cbc93ffd,2,familiar_word_condition,leaves,leaf_oak_3_1.png,leaves,1,2675,3,1
participant614,67cfb8a562de5c8e881149b4,67cfc14638992259cbc93ffd,2,familiar_word_condition,leaves,leaf_droplet_2_1.png,leaves,2,3715,2,1
participant614,67cfb8a562de5c8e881149b4,67cfc14638992259cbc93ffd,3,familiar_word_condition,shells,shell_spiral_3_1.png,shells,1,2740,3,1
participant614,67cfb8a562de5c8e881149b4,67cfc14638992259cbc93ffd,3,familiar_word_condition,shells,shell_stingray_3_2.png,shells,2,4199,3,2
participant630,67cfb8a562de5c8e881149b4,67cfd836fb2aec170ae01e5b,0,familiar_word_condition,shells,shell_stingray_1_2.png,shells,1,5676,1,2
participant630,67cfb8a562de5c8e881149b4,67cfd836fb2aec170ae01e5b,0,familiar_word_condition,shells,shell_stingray_3_2.png,shells,2,6282,3,2
participant630,67cfb8a562de5c8e881149b4,67cfd836fb2aec170ae01e5b,1,familiar_word_condition,leaves,leaf_oak_2_1.png,leaves,1,3895,2,1
participant630,67cfb8a562de5c8e881149b4,67cfd836fb2aec170ae01e5b,1,familiar_word_condition,leaves,leaf_oak_3_1.png,leaves,2,4337,3,1
participant630,67cfb8a562de5c8e881149b4,67cfd836fb2aec170ae01e5b,2,familiar_word_condition,mushrooms,mushroom_enoki_1_1.png,mushrooms,1,4863,1,1
participant630,67cfb8a562de5c8e881149b4,67cfd836fb2aec170ae01e5b,2,familiar_word_condition,mushrooms,mushroom_enoki_2_1.png,mushrooms,2,7853,2,1
participant630,67cfb8a562de5c8e881149b4,67cfd836fb2aec170ae01e5b,3,familiar_word_condition,flowers,flower_round_3_1.png,flowers,1,4713,3,1
participant630,67cfb8a562de5c8e881149b4,67cfd836fb2aec170ae01e5b,3,familiar_word_condition,flowers,flower_round_1_1.png,flowers,2,5234,1,1
participant65,67cfb8a562de5c8e881149b4,67cfbdf87c68af688c8eb5dd,0,novel_word_condition,mushrooms,mushroom_enoki_2_1.png,tinches,1,11806,2,1
participant65,67cfb8a562de5c8e881149b4,67cfbdf87c68af688c8eb5dd,0,novel_word_condition,mushrooms,mushroom_enoki_1_1.png,tinches,2,12144,1,1
participant65,67cfb8a562de5c8e881149b4,67cfbdf87c68af688c8eb5dd,1,novel_word_condition,flowers,flower_trumpet_2_2.png,bines,1,4146,2,2
participant65,67cfb8a562de5c8e881149b4,67cfbdf87c68af688c8eb5dd,1,novel_word_condition,flowers,flower_trumpet_3_2.png,bines,2,4819,3,2
participant65,67cfb8a562de5c8e881149b4,67cfbdf87c68af688c8eb5dd,2,novel_word_condition,shells,shell_stingray_2_2.png,nefts,1,7189,2,2
participant65,67cfb8a562de5c8e881149b4,67cfbdf87c68af688c8eb5dd,2,novel_word_condition,shells,shell_stingray_3_2.png,nefts,2,7569,3,2
participant65,67cfb8a562de5c8e881149b4,67cfbdf87c68af688c8eb5dd,3,novel_word_condition,leaves,leaf_bean_3_2.png,palts,1,33882,3,2
participant65,67cfb8a562de5c8e881149b4,67cfbdf87c68af688c8eb5dd,3,novel_word_condition,leaves,leaf_bean_2_2.png,palts,2,34187,2,2
participant681,67cfb8a562de5c8e881149b4,67cfbe6470ee59b757114765,0,novel_word_condition,flowers,flower_trumpet_1_2.png,tinches,1,7990,1,2
participant681,67cfb8a562de5c8e881149b4,67cfbe6470ee59b757114765,0,novel_word_condition,flowers,flower_trumpet_3_2.png,tinches,2,10120,3,2
participant681,67cfb8a562de5c8e881149b4,67cfbe6470ee59b757114765,1,novel_word_condition,leaves,leaf_heart_1_2.png,palts,1,5145,1,2
participant681,67cfb8a562de5c8e881149b4,67cfbe6470ee59b757114765,1,novel_word_condition,leaves,leaf_heart_3_2.png,palts,2,5456,3,2
participant681,67cfb8a562de5c8e881149b4,67cfbe6470ee59b757114765,2,novel_word_condition,mushrooms,mushroom_bell_2_2.png,bines,1,3193,2,2
participant681,67cfb8a562de5c8e881149b4,67cfbe6470ee59b757114765,2,novel_word_condition,mushrooms,mushroom_bell_3_2.png,bines,2,3376,3,2
participant681,67cfb8a562de5c8e881149b4,67cfbe6470ee59b757114765,3,novel_word_condition,shells,shell_spiral_3_1.png,nefts,1,1943,3,1
participant681,67cfb8a562de5c8e881149b4,67cfbe6470ee59b757114765,3,novel_word_condition,shells,shell_spiral_2_1.png,nefts,2,2183,2,1
participant749,67cfb8a562de5c8e881149b4,67cfc961db8b3b3c2e2b6183,0,familiar_word_condition,leaves,leaf_oak_2_1.png,leaves,1,3371,2,1
participant749,67cfb8a562de5c8e881149b4,67cfc961db8b3b3c2e2b6183,0,familiar_word_condition,leaves,leaf_oak_1_1.png,leaves,2,5278,1,1
participant749,67cfb8a562de5c8e881149b4,67cfc961db8b3b3c2e2b6183,1,familiar_word_condition,shells,shell_fan_2_1.png,shells,1,3897,2,1
participant749,67cfb8a562de5c8e881149b4,67cfc961db8b3b3c2e2b6183,1,familiar_word_condition,shells,shell_fan_1_1.png,shells,2,5689,1,1
participant749,67cfb8a562de5c8e881149b4,67cfc961db8b3b3c2e2b6183,2,familiar_word_condition,flowers,flower_trumpet_1_2.png,flowers,1,4116,1,2
participant749,67cfb8a562de5c8e881149b4,67cfc961db8b3b3c2e2b6183,2,familiar_word_condition,flowers,flower_trumpet_2_2.png,flowers,2,5252,2,2
participant749,67cfb8a562de5c8e881149b4,67cfc961db8b3b3c2e2b6183,3,familiar_word_condition,mushrooms,mushroom_enoki_1_1.png,mushrooms,1,2231,1,1
participant749,67cfb8a562de5c8e881149b4,67cfc961db8b3b3c2e2b6183,3,familiar_word_condition,mushrooms,mushroom_enoki_3_1.png,mushrooms,2,3100,3,1
participant763,UNSAVED-STUDY,02ogalyzzmhn,0,novel_word_condition,shells,shell_fan_1_1.png,nefts,1,66649,1,1
participant763,UNSAVED-STUDY,02ogalyzzmhn,0,novel_word_condition,shells,shell_spiral_2_1.png,nefts,2,67251,2,1
participant763,UNSAVED-STUDY,02ogalyzzmhn,1,novel_word_condition,flowers,flower_star_3_1.png,tinches,1,1181,3,1
participant763,UNSAVED-STUDY,02ogalyzzmhn,1,novel_word_condition,flowers,flower_star_2_1.png,tinches,2,1562,2,1
participant763,UNSAVED-STUDY,02ogalyzzmhn,2,novel_word_condition,leaves,leaf_droplet_2_1.png,bines,1,1065,2,1
participant763,UNSAVED-STUDY,02ogalyzzmhn,2,novel_word_condition,leaves,leaf_bean_3_2.png,bines,2,1498,3,2
participant763,UNSAVED-STUDY,02ogalyzzmhn,3,novel_word_condition,mushrooms,mushroom_enoki_1_1.png,palts,1,1148,1,1
participant763,UNSAVED-STUDY,02ogalyzzmhn,3,novel_word_condition,mushrooms,mushroom_bell_3_2.png,palts,2,1498,3,2
participant77,67cfb8a562de5c8e881149b4,67cfbb15f1c35a5c3f917ee1,0,familiar_word_condition,mushrooms,mushroom_toadstool_2_1.png,mushrooms,1,8918,2,1
participant77,67cfb8a562de5c8e881149b4,67cfbb15f1c35a5c3f917ee1,0,familiar_word_condition,mushrooms,mushroom_toadstool_3_1.png,mushrooms,2,9536,3,1
participant77,67cfb8a562de5c8e881149b4,67cfbb15f1c35a5c3f917ee1,1,familiar_word_condition,flowers,flower_star_1_1.png,flowers,1,5517,1,1
participant77,67cfb8a562de5c8e881149b4,67cfbb15f1c35a5c3f917ee1,1,familiar_word_condition,flowers,flower_star_3_1.png,flowers,2,5955,3,1
participant77,67cfb8a562de5c8e881149b4,67cfbb15f1c35a5c3f917ee1,2,familiar_word_condition,leaves,leaf_oak_3_1.png,leaves,1,4502,3,1
participant77,67cfb8a562de5c8e881149b4,67cfbb15f1c35a5c3f917ee1,2,familiar_word_condition,leaves,leaf_oak_2_1.png,leaves,2,5198,2,1
participant77,67cfb8a562de5c8e881149b4,67cfbb15f1c35a5c3f917ee1,3,familiar_word_condition,shells,shell_spiral_3_1.png,shells,1,4146,3,1
participant77,67cfb8a562de5c8e881149b4,67cfbb15f1c35a5c3f917ee1,3,familiar_word_condition,shells,shell_spiral_2_1.png,shells,2,4725,2,1
participant828,UNSAVED-STUDY,02ogalyzzmhn,0,familiar_word_condition,shells,shell_stingray_3_2.png,shells,1,6832,3,2
participant828,UNSAVED-STUDY,02ogalyzzmhn,0,familiar_word_condition,shells,shell_urn_3_2.png,shells,2,7332,3,2
participant828,UNSAVED-STUDY,02ogalyzzmhn,1,familiar_word_condition,mushrooms,mushroom_disc_2_2.png,mushrooms,1,1399,2,2
participant828,UNSAVED-STUDY,02ogalyzzmhn,1,familiar_word_condition,mushrooms,mushroom_toadstool_2_1.png,mushrooms,2,1733,2,1
participant828,UNSAVED-STUDY,02ogalyzzmhn,2,familiar_word_condition,flowers,flower_iris_3_2.png,flowers,1,947,3,2
participant828,UNSAVED-STUDY,02ogalyzzmhn,2,familiar_word_condition,flowers,flower_trumpet_1_2.png,flowers,2,1348,1,2
participant828,UNSAVED-STUDY,02ogalyzzmhn,3,familiar_word_condition,leaves,leaf_heart_3_2.png,leaves,1,897,3,2
participant828,UNSAVED-STUDY,02ogalyzzmhn,3,familiar_word_condition,leaves,leaf_oak_2_1.png,leaves,2,1302,2,1
participant836,67cfb8a562de5c8e881149b4,67cfbdc7e2c7c714932afd1e,0,familiar_word_condition,flowers,flower_round_2_1.png,flowers,1,4420,2,1
participant836,67cfb8a562de5c8e881149b4,67cfbdc7e2c7c714932afd1e,0,familiar_word_condition,flowers,flower_round_3_1.png,flowers,2,6409,3,1
participant836,67cfb8a562de5c8e881149b4,67cfbdc7e2c7c714932afd1e,1,familiar_word_condition,leaves,leaf_droplet_2_1.png,leaves,1,3402,2,1
participant836,67cfb8a562de5c8e881149b4,67cfbdc7e2c7c714932afd1e,1,familiar_word_condition,leaves,leaf_oak_3_1.png,leaves,2,6478,3,1
participant836,67cfb8a562de5c8e881149b4,67cfbdc7e2c7c714932afd1e,2,familiar_word_condition,shells,shell_urn_1_2.png,shells,1,3456,1,2
participant836,67cfb8a562de5c8e881149b4,67cfbdc7e2c7c714932afd1e,2,familiar_word_condition,shells,shell_fan_1_1.png,shells,2,5081,1,1
participant836,67cfb8a562de5c8e881149b4,67cfbdc7e2c7c714932afd1e,3,familiar_word_condition,mushrooms,mushroom_bell_1_2.png,mushrooms,1,4094,1,2
participant836,67cfb8a562de5c8e881149b4,67cfbdc7e2c7c714932afd1e,3,familiar_word_condition,mushrooms,mushroom_toadstool_2_1.png,mushrooms,2,5163,2,1
participant853,67cfb8a562de5c8e881149b4,67cfc29ddec4166dc1452fc0,0,familiar_word_condition,shells,shell_fan_2_1.png,shells,1,5618,2,1
participant853,67cfb8a562de5c8e881149b4,67cfc29ddec4166dc1452fc0,0,familiar_word_condition,shells,shell_urn_3_2.png,shells,2,7468,3,2
participant853,67cfb8a562de5c8e881149b4,67cfc29ddec4166dc1452fc0,1,familiar_word_condition,mushrooms,mushroom_enoki_2_1.png,mushrooms,1,4546,2,1
participant853,67cfb8a562de5c8e881149b4,67cfc29ddec4166dc1452fc0,1,familiar_word_condition,mushrooms,mushroom_toadstool_1_1.png,mushrooms,2,5581,1,1
participant853,67cfb8a562de5c8e881149b4,67cfc29ddec4166dc1452fc0,2,familiar_word_condition,leaves,leaf_oak_1_1.png,leaves,1,3597,1,1
participant853,67cfb8a562de5c8e881149b4,67cfc29ddec4166dc1452fc0,2,familiar_word_condition,leaves,leaf_droplet_3_1.png,leaves,2,5414,3,1
participant853,67cfb8a562de5c8e881149b4,67cfc29ddec4166dc1452fc0,3,familiar_word_condition,flowers,flower_round_3_1.png,flowers,1,5879,3,1
participant853,67cfb8a562de5c8e881149b4,67cfc29ddec4166dc1452fc0,3,familiar_word_condition,flowers,flower_star_1_1.png,flowers,2,10312,1,1
participant854,67cfb8a562de5c8e881149b4,67cfbd573bb73220d58aec84,0,novel_word_condition,mushrooms,mushroom_enoki_3_1.png,nefts,1,10050,3,1
participant854,67cfb8a562de5c8e881149b4,67cfbd573bb73220d58aec84,0,novel_word_condition,mushrooms,mushroom_enoki_2_1.png,nefts,2,12283,2,1
participant854,67cfb8a562de5c8e881149b4,67cfbd573bb73220d58aec84,1,novel_word_condition,flowers,flower_trumpet_1_2.png,bines,1,6465,1,2
participant854,67cfb8a562de5c8e881149b4,67cfbd573bb73220d58aec84,1,novel_word_condition,flowers,flower_trumpet_3_2.png,bines,2,7332,3,2
participant854,67cfb8a562de5c8e881149b4,67cfbd573bb73220d58aec84,2,novel_word_condition,shells,shell_spiral_2_1.png,tinches,1,6478,2,1
participant854,67cfb8a562de5c8e881149b4,67cfbd573bb73220d58aec84,2,novel_word_condition,shells,shell_spiral_3_1.png,tinches,2,7145,3,1
participant854,67cfb8a562de5c8e881149b4,67cfbd573bb73220d58aec84,3,novel_word_condition,leaves,leaf_bean_2_2.png,palts,1,3361,2,2
participant854,67cfb8a562de5c8e881149b4,67cfbd573bb73220d58aec84,3,novel_word_condition,leaves,leaf_bean_3_2.png,palts,2,5644,3,2
participant861,67cfb8a562de5c8e881149b4,67cfc65a7268fc6b51fcece3,0,familiar_word_condition,shells,shell_urn_2_2.png,shells,1,2083,2,2
participant861,67cfb8a562de5c8e881149b4,67cfc65a7268fc6b51fcece3,0,familiar_word_condition,shells,shell_spiral_2_1.png,shells,2,2541,2,1
participant861,67cfb8a562de5c8e881149b4,67cfc65a7268fc6b51fcece3,1,familiar_word_condition,flowers,flower_round_1_1.png,flowers,1,2668,1,1
participant861,67cfb8a562de5c8e881149b4,67cfc65a7268fc6b51fcece3,1,familiar_word_condition,flowers,flower_iris_3_2.png,flowers,2,3531,3,2
participant861,67cfb8a562de5c8e881149b4,67cfc65a7268fc6b51fcece3,2,familiar_word_condition,leaves,leaf_droplet_2_1.png,leaves,1,1817,2,1
participant861,67cfb8a562de5c8e881149b4,67cfc65a7268fc6b51fcece3,2,familiar_word_condition,leaves,leaf_heart_2_2.png,leaves,2,2131,2,2
participant861,67cfb8a562de5c8e881149b4,67cfc65a7268fc6b51fcece3,3,familiar_word_condition,mushrooms,mushroom_toadstool_3_1.png,mushrooms,1,3411,3,1
participant861,67cfb8a562de5c8e881149b4,67cfc65a7268fc6b51fcece3,3,familiar_word_condition,mushrooms,mushroom_toadstool_1_1.png,mushrooms,2,5390,1,1
participant88,67cfb8a562de5c8e881149b4,67cfc09a4b0789eea93c10d8,0,familiar_word_condition,shells,shell_spiral_3_1.png,shells,1,4001,3,1
participant88,67cfb8a562de5c8e881149b4,67cfc09a4b0789eea93c10d8,0,familiar_word_condition,shells,shell_spiral_1_1.png,shells,2,5151,1,1
participant88,67cfb8a562de5c8e881149b4,67cfc09a4b0789eea93c10d8,1,familiar_word_condition,flowers,flower_round_1_1.png,flowers,1,3571,1,1
participant88,67cfb8a562de5c8e881149b4,67cfc09a4b0789eea93c10d8,1,familiar_word_condition,flowers,flower_star_3_1.png,flowers,2,4543,3,1
participant88,67cfb8a562de5c8e881149b4,67cfc09a4b0789eea93c10d8,2,familiar_word_condition,mushrooms,mushroom_disc_1_2.png,mushrooms,1,3960,1,2
participant88,67cfb8a562de5c8e881149b4,67cfc09a4b0789eea93c10d8,2,familiar_word_condition,mushrooms,mushroom_enoki_1_1.png,mushrooms,2,4617,1,1
participant88,67cfb8a562de5c8e881149b4,67cfc09a4b0789eea93c10d8,3,familiar_word_condition,leaves,leaf_oak_1_1.png,leaves,1,2169,1,1
participant88,67cfb8a562de5c8e881149b4,67cfc09a4b0789eea93c10d8,3,familiar_word_condition,leaves,leaf_droplet_2_1.png,leaves,2,3060,2,1
participant899,67cfb8a562de5c8e881149b4,67cfbdcb67447185dfeeede9,0,familiar_word_condition,shells,shell_spiral_2_1.png,shells,1,2852,2,1
participant899,67cfb8a562de5c8e881149b4,67cfbdcb67447185dfeeede9,0,familiar_word_condition,shells,shell_spiral_1_1.png,shells,2,3238,1,1
participant899,67cfb8a562de5c8e881149b4,67cfbdcb67447185dfeeede9,1,familiar_word_condition,flowers,flower_round_2_1.png,flowers,1,3140,2,1
participant899,67cfb8a562de5c8e881149b4,67cfbdcb67447185dfeeede9,1,familiar_word_condition,flowers,flower_round_3_1.png,flowers,2,4614,3,1
participant899,67cfb8a562de5c8e881149b4,67cfbdcb67447185dfeeede9,2,familiar_word_condition,leaves,leaf_bean_1_2.png,leaves,1,1888,1,2
participant899,67cfb8a562de5c8e881149b4,67cfbdcb67447185dfeeede9,2,familiar_word_condition,leaves,leaf_bean_3_2.png,leaves,2,2127,3,2
participant899,67cfb8a562de5c8e881149b4,67cfbdcb67447185dfeeede9,3,familiar_word_condition,mushrooms,mushroom_toadstool_3_1.png,mushrooms,1,2136,3,1
participant899,67cfb8a562de5c8e881149b4,67cfbdcb67447185dfeeede9,3,familiar_word_condition,mushrooms,mushroom_enoki_3_1.png,mushrooms,2,3525,3,1
participant909,67cfb8a562de5c8e881149b4,67cfc486e7354df5d8215e07,0,novel_word_condition,flowers,flower_iris_1_2.png,palts,1,4707,1,2
participant909,67cfb8a562de5c8e881149b4,67cfc486e7354df5d8215e07,0,novel_word_condition,flowers,flower_iris_2_2.png,palts,2,5646,2,2
participant909,67cfb8a562de5c8e881149b4,67cfc486e7354df5d8215e07,1,novel_word_condition,shells,shell_stingray_1_2.png,bines,1,5500,1,2
participant909,67cfb8a562de5c8e881149b4,67cfc486e7354df5d8215e07,1,novel_word_condition,shells,shell_stingray_2_2.png,bines,2,5887,2,2
participant909,67cfb8a562de5c8e881149b4,67cfc486e7354df5d8215e07,2,novel_word_condition,mushrooms,mushroom_toadstool_2_1.png,nefts,1,3322,2,1
participant909,67cfb8a562de5c8e881149b4,67cfc486e7354df5d8215e07,2,novel_word_condition,mushrooms,mushroom_enoki_3_1.png,nefts,2,5060,3,1
participant909,67cfb8a562de5c8e881149b4,67cfc486e7354df5d8215e07,3,novel_word_condition,leaves,leaf_bean_1_2.png,tinches,1,3438,1,2
participant909,67cfb8a562de5c8e881149b4,67cfc486e7354df5d8215e07,3,novel_word_condition,leaves,leaf_bean_3_2.png,tinches,2,4754,3,2
participant919,67cfb8a562de5c8e881149b4,67cfc2a1900250aa755525eb,0,novel_word_condition,shells,shell_stingray_2_2.png,nefts,1,10520,2,2
participant919,67cfb8a562de5c8e881149b4,67cfc2a1900250aa755525eb,0,novel_word_condition,shells,shell_stingray_3_2.png,nefts,2,11207,3,2
participant919,67cfb8a562de5c8e881149b4,67cfc2a1900250aa755525eb,1,novel_word_condition,flowers,flower_round_1_1.png,palts,1,33959,1,1
participant919,67cfb8a562de5c8e881149b4,67cfc2a1900250aa755525eb,1,novel_word_condition,flowers,flower_round_3_1.png,palts,2,34717,3,1
participant919,67cfb8a562de5c8e881149b4,67cfc2a1900250aa755525eb,2,novel_word_condition,mushrooms,mushroom_disc_3_2.png,tinches,1,2803,3,2
participant919,67cfb8a562de5c8e881149b4,67cfc2a1900250aa755525eb,2,novel_word_condition,mushrooms,mushroom_disc_2_2.png,tinches,2,5338,2,2
participant919,67cfb8a562de5c8e881149b4,67cfc2a1900250aa755525eb,3,novel_word_condition,leaves,leaf_oak_3_1.png,bines,1,2649,3,1
participant919,67cfb8a562de5c8e881149b4,67cfc2a1900250aa755525eb,3,novel_word_condition,leaves,leaf_oak_1_1.png,bines,2,3336,1,1
participant930,67cfb8a562de5c8e881149b4,67cfc04f3446c6c6ff59e5f8,0,novel_word_condition,mushrooms,mushroom_toadstool_2_1.png,bines,1,16648,2,1
participant930,67cfb8a562de5c8e881149b4,67cfc04f3446c6c6ff59e5f8,0,novel_word_condition,mushrooms,mushroom_disc_1_2.png,bines,2,17817,1,2
participant930,67cfb8a562de5c8e881149b4,67cfc04f3446c6c6ff59e5f8,1,novel_word_condition,leaves,leaf_bean_3_2.png,nefts,1,4460,3,2
participant930,67cfb8a562de5c8e881149b4,67cfc04f3446c6c6ff59e5f8,1,novel_word_condition,leaves,leaf_bean_2_2.png,nefts,2,6288,2,2
participant930,67cfb8a562de5c8e881149b4,67cfc04f3446c6c6ff59e5f8,2,novel_word_condition,flowers,flower_trumpet_2_2.png,tinches,1,3315,2,2
participant930,67cfb8a562de5c8e881149b4,67cfc04f3446c6c6ff59e5f8,2,novel_word_condition,flowers,flower_trumpet_1_2.png,tinches,2,4137,1,2
participant930,67cfb8a562de5c8e881149b4,67cfc04f3446c6c6ff59e5f8,3,novel_word_condition,shells,shell_spiral_3_1.png,palts,1,3229,3,1
participant930,67cfb8a562de5c8e881149b4,67cfc04f3446c6c6ff59e5f8,3,novel_word_condition,shells,shell_spiral_1_1.png,palts,2,3738,1,1
participant948,67cfb8a562de5c8e881149b4,67cfbf6ca05819735348f12e,0,familiar_word_condition,flowers,flower_round_3_1.png,flowers,1,4001,3,1
participant948,67cfb8a562de5c8e881149b4,67cfbf6ca05819735348f12e,0,familiar_word_condition,flowers,flower_star_1_1.png,flowers,2,16218,1,1
participant948,67cfb8a562de5c8e881149b4,67cfbf6ca05819735348f12e,1,familiar_word_condition,leaves,leaf_droplet_2_1.png,leaves,1,6231,2,1
participant948,67cfb8a562de5c8e881149b4,67cfbf6ca05819735348f12e,1,familiar_word_condition,leaves,leaf_oak_1_1.png,leaves,2,14841,1,1
participant948,67cfb8a562de5c8e881149b4,67cfbf6ca05819735348f12e,2,familiar_word_condition,mushrooms,mushroom_toadstool_3_1.png,mushrooms,1,4130,3,1
participant948,67cfb8a562de5c8e881149b4,67cfbf6ca05819735348f12e,2,familiar_word_condition,mushrooms,mushroom_enoki_3_1.png,mushrooms,2,8316,3,1
participant948,67cfb8a562de5c8e881149b4,67cfbf6ca05819735348f12e,3,familiar_word_condition,shells,shell_spiral_1_1.png,shells,1,5089,1,1
participant948,67cfb8a562de5c8e881149b4,67cfbf6ca05819735348f12e,3,familiar_word_condition,shells,shell_fan_1_1.png,shells,2,6026,1,1
participant951,67cfb8a562de5c8e881149b4,67cfc38f0534bcb6e7215dea,0,novel_word_condition,shells,shell_urn_2_2.png,bines,1,9551,2,2
participant951,67cfb8a562de5c8e881149b4,67cfc38f0534bcb6e7215dea,0,novel_word_condition,shells,shell_stingray_3_2.png,bines,2,12207,3,2
participant951,67cfb8a562de5c8e881149b4,67cfc38f0534bcb6e7215dea,1,novel_word_condition,leaves,leaf_heart_1_2.png,tinches,1,5052,1,2
participant951,67cfb8a562de5c8e881149b4,67cfc38f0534bcb6e7215dea,1,novel_word_condition,leaves,leaf_heart_3_2.png,tinches,2,6124,3,2
participant951,67cfb8a562de5c8e881149b4,67cfc38f0534bcb6e7215dea,2,novel_word_condition,flowers,flower_star_1_1.png,palts,1,8853,1,1
participant951,67cfb8a562de5c8e881149b4,67cfc38f0534bcb6e7215dea,2,novel_word_condition,flowers,flower_star_3_1.png,palts,2,11580,3,1
participant951,67cfb8a562de5c8e881149b4,67cfc38f0534bcb6e7215dea,3,novel_word_condition,mushrooms,mushroom_disc_1_2.png,nefts,1,7547,1,2
participant951,67cfb8a562de5c8e881149b4,67cfc38f0534bcb6e7215dea,3,novel_word_condition,mushrooms,mushroom_disc_3_2.png,nefts,2,7979,3,2
participant953,67cfb8a562de5c8e881149b4,67cfc076aeb530ac57f12ca4,0,novel_word_condition,mushrooms,mushroom_disc_3_2.png,nefts,1,12319,3,2
participant953,67cfb8a562de5c8e881149b4,67cfc076aeb530ac57f12ca4,0,novel_word_condition,mushrooms,mushroom_disc_2_2.png,nefts,2,15932,2,2
participant953,67cfb8a562de5c8e881149b4,67cfc076aeb530ac57f12ca4,1,novel_word_condition,leaves,leaf_droplet_2_1.png,tinches,1,9568,2,1
participant953,67cfb8a562de5c8e881149b4,67cfc076aeb530ac57f12ca4,1,novel_word_condition,leaves,leaf_droplet_1_1.png,tinches,2,10312,1,1
participant953,67cfb8a562de5c8e881149b4,67cfc076aeb530ac57f12ca4,2,novel_word_condition,flowers,flower_star_1_1.png,bines,1,10010,1,1
participant953,67cfb8a562de5c8e881149b4,67cfc076aeb530ac57f12ca4,2,novel_word_condition,flowers,flower_star_2_1.png,bines,2,10964,2,1
participant953,67cfb8a562de5c8e881149b4,67cfc076aeb530ac57f12ca4,3,novel_word_condition,shells,shell_spiral_3_1.png,palts,1,28321,3,1
participant953,67cfb8a562de5c8e881149b4,67cfc076aeb530ac57f12ca4,3,novel_word_condition,shells,shell_spiral_1_1.png,palts,2,35145,1,1
participant976,67cfb8a562de5c8e881149b4,67cfbfe70f5c848cd14e1e5f,0,familiar_word_condition,leaves,leaf_oak_2_1.png,leaves,1,8486,2,1
participant976,67cfb8a562de5c8e881149b4,67cfbfe70f5c848cd14e1e5f,0,familiar_word_condition,leaves,leaf_heart_2_2.png,leaves,2,13926,2,2
participant976,67cfb8a562de5c8e881149b4,67cfbfe70f5c848cd14e1e5f,1,familiar_word_condition,mushrooms,mushroom_toadstool_3_1.png,mushrooms,1,7733,3,1
participant976,67cfb8a562de5c8e881149b4,67cfbfe70f5c848cd14e1e5f,1,familiar_word_condition,mushrooms,mushroom_bell_3_2.png,mushrooms,2,9947,3,2
participant976,67cfb8a562de5c8e881149b4,67cfbfe70f5c848cd14e1e5f,2,familiar_word_condition,shells,shell_spiral_3_1.png,shells,1,3376,3,1
participant976,67cfb8a562de5c8e881149b4,67cfbfe70f5c848cd14e1e5f,2,familiar_word_condition,shells,shell_fan_3_1.png,shells,2,7568,3,1
participant976,67cfb8a562de5c8e881149b4,67cfbfe70f5c848cd14e1e5f,3,familiar_word_condition,flowers,flower_round_1_1.png,flowers,1,11779,1,1
participant976,67cfb8a562de5c8e881149b4,67cfbfe70f5c848cd14e1e5f,3,familiar_word_condition,flowers,flower_star_3_1.png,flowers,2,13274,3,1
participant987,67cfb8a562de5c8e881149b4,67cfbe6d79566b73c4f12b03,0,novel_word_condition,leaves,leaf_oak_1_1.png,palts,1,7828,1,1
participant987,67cfb8a562de5c8e881149b4,67cfbe6d79566b73c4f12b03,0,novel_word_condition,leaves,leaf_droplet_1_1.png,palts,2,19325,1,1
participant987,67cfb8a562de5c8e881149b4,67cfbe6d79566b73c4f12b03,1,novel_word_condition,mushrooms,mushroom_disc_1_2.png,bines,1,8885,1,2
participant987,67cfb8a562de5c8e881149b4,67cfbe6d79566b73c4f12b03,1,novel_word_condition,mushrooms,mushroom_toadstool_3_1.png,bines,2,12466,3,1
participant987,67cfb8a562de5c8e881149b4,67cfbe6d79566b73c4f12b03,2,novel_word_condition,shells,shell_fan_3_1.png,nefts,1,16745,3,1
participant987,67cfb8a562de5c8e881149b4,67cfbe6d79566b73c4f12b03,2,novel_word_condition,shells,shell_fan_1_1.png,nefts,2,17758,1,1
participant987,67cfb8a562de5c8e881149b4,67cfbe6d79566b73c4f12b03,3,novel_word_condition,flowers,flower_trumpet_2_2.png,tinches,1,9046,2,2
participant987,67cfb8a562de5c8e881149b4,67cfbe6d79566b73c4f12b03,3,novel_word_condition,flowers,flower_trumpet_3_2.png,tinches,2,10091,3,2
