participant_id,study_id,participant_age,session_date,session_time,trial_number,condition,category,image_name,image_location,word,click_order,rt,id,typicality
30,borrowing_kids_pilot,3,07/29/2025,14:05:34,0,familiar_word_condition,carrots,carrot_carrot_5_0.png,11,carrots,1,4978,5,0
30,borrowing_kids_pilot,3,07/29/2025,14:05:34,0,familiar_word_condition,carrots,carrot_carrot_6_0.png,7,carrots,2,6064,6,0
30,borrowing_kids_pilot,3,07/29/2025,14:05:34,1,familiar_word_condition,apples,apple_apple_5_0.png,3,apples,1,5211,5,0
30,borrowing_kids_pilot,3,07/29/2025,14:05:34,1,familiar_word_condition,apples,apple_apple_4_0.png,2,apples,2,6348,4,0
30,borrowing_kids_pilot,3,07/29/2025,14:05:34,2,familiar_word_condition,leaves,leaf_oak_3_1.png,3,leaves,1,5015,3,1
30,borrowing_kids_pilot,3,07/29/2025,14:05:34,2,familiar_word_condition,leaves,leaf_oak_2_1.png,1,leaves,2,10246,2,1
30,borrowing_kids_pilot,3,07/29/2025,14:05:34,3,familiar_word_condition,mushrooms,mushroom_enoki_3_1.png,8,mushrooms,1,8761,3,1
30,borrowing_kids_pilot,3,07/29/2025,14:05:34,3,familiar_word_condition,mushrooms,mushroom_enoki_1_1.png,4,mushrooms,2,10548,1,1
30,borrowing_kids_pilot,3,07/29/2025,14:05:34,4,familiar_word_condition,shells,shell_spiral_3_1.png,11,shells,1,5296,3,1
30,borrowing_kids_pilot,3,07/29/2025,14:05:34,4,familiar_word_condition,shells,shell_spiral_1_1.png,6,shells,2,7292,1,1
30,borrowing_kids_pilot,3,07/29/2025,14:05:34,5,familiar_word_condition,flowers,flower_round_1_1.png,10,flowers,1,5618,1,1
30,borrowing_kids_pilot,3,07/29/2025,14:05:34,5,familiar_word_condition,flowers,flower_round_2_1.png,9,flowers,2,6633,2,1
42,borrowing_kids_pilot,5,07/31/2025,14:19:10,0,novel_word_condition,carrots,carrot_carrot_3_0.png,7,carrots,1,5322,3,0
42,borrowing_kids_pilot,5,07/31/2025,14:19:10,0,novel_word_condition,carrots,carrot_carrot_2_0.png,8,carrots,2,8129,2,0
42,borrowing_kids_pilot,5,07/31/2025,14:19:10,1,novel_word_condition,apples,apple_apple_2_0.png,7,apples,1,3624,2,0
42,borrowing_kids_pilot,5,07/31/2025,14:19:10,1,novel_word_condition,apples,apple_apple_5_0.png,9,apples,2,7392,5,0
42,borrowing_kids_pilot,5,07/31/2025,14:19:10,2,novel_word_condition,leaves,leaf_bean_1_2.png,11,tinches,1,13196,1,2
42,borrowing_kids_pilot,5,07/31/2025,14:19:10,2,novel_word_condition,leaves,leaf_bean_3_2.png,8,tinches,2,16679,3,2
42,borrowing_kids_pilot,5,07/31/2025,14:19:10,3,novel_word_condition,mushrooms,mushroom_disc_3_2.png,5,nefts,1,7679,3,2
42,borrowing_kids_pilot,5,07/31/2025,14:19:10,3,novel_word_condition,mushrooms,mushroom_disc_1_2.png,2,nefts,2,13114,1,2
42,borrowing_kids_pilot,5,07/31/2025,14:19:10,4,novel_word_condition,shells,shell_urn_3_2.png,6,bines,1,20759,3,2
42,borrowing_kids_pilot,5,07/31/2025,14:19:10,4,novel_word_condition,shells,shell_urn_1_2.png,2,bines,2,22525,1,2
42,borrowing_kids_pilot,5,07/31/2025,14:19:10,5,novel_word_condition,flowers,flower_iris_1_2.png,10,palts,1,6815,1,2
42,borrowing_kids_pilot,5,07/31/2025,14:19:10,5,novel_word_condition,flowers,flower_iris_2_2.png,2,palts,2,8555,2,2
37,borrowing_kids_pilot,5,07/30/2025,08:31:34,0,novel_word_condition,apples,apple_apple_3_0.png,2,apples,1,4287,3,0
37,borrowing_kids_pilot,5,07/30/2025,08:31:34,0,novel_word_condition,apples,apple_apple_2_0.png,3,apples,2,5001,2,0
37,borrowing_kids_pilot,5,07/30/2025,08:31:34,1,novel_word_condition,carrots,carrot_carrot_4_0.png,2,carrots,1,4278,4,0
37,borrowing_kids_pilot,5,07/30/2025,08:31:34,1,novel_word_condition,carrots,carrot_carrot_6_0.png,1,carrots,2,5044,6,0
37,borrowing_kids_pilot,5,07/30/2025,08:31:34,2,novel_word_condition,mushrooms,mushroom_toadstool_1_1.png,1,nefts,1,4515,1,1
37,borrowing_kids_pilot,5,07/30/2025,08:31:34,2,novel_word_condition,mushrooms,mushroom_toadstool_2_1.png,11,nefts,2,9548,2,1
37,borrowing_kids_pilot,5,07/30/2025,08:31:34,3,novel_word_condition,flowers,flower_iris_3_2.png,1,tinches,1,10376,3,2
37,borrowing_kids_pilot,5,07/30/2025,08:31:34,3,novel_word_condition,flowers,flower_iris_2_2.png,5,tinches,2,11960,2,2
37,borrowing_kids_pilot,5,07/30/2025,08:31:34,4,novel_word_condition,leaves,leaf_oak_2_1.png,7,palts,1,5713,2,1
37,borrowing_kids_pilot,5,07/30/2025,08:31:34,4,novel_word_condition,leaves,leaf_oak_3_1.png,11,palts,2,6829,3,1
37,borrowing_kids_pilot,5,07/30/2025,08:31:34,5,novel_word_condition,shells,shell_fan_1_1.png,10,bines,1,10579,1,1
37,borrowing_kids_pilot,5,07/30/2025,08:31:34,5,novel_word_condition,shells,shell_fan_2_1.png,0,bines,2,13296,2,1
47,borrowing_kids_pilot,4,08/04/2025,13:51:51,0,familiar_word_condition,carrots,carrot_carrot_6_0.png,3,carrots,1,7831,6,0
47,borrowing_kids_pilot,4,08/04/2025,13:51:51,0,familiar_word_condition,carrots,carrot_carrot_4_0.png,2,carrots,2,9346,4,0
47,borrowing_kids_pilot,4,08/04/2025,13:51:51,1,familiar_word_condition,apples,apple_apple_3_0.png,3,apples,1,3840,3,0
47,borrowing_kids_pilot,4,08/04/2025,13:51:51,1,familiar_word_condition,apples,apple_apple_5_0.png,7,apples,2,5023,5,0
47,borrowing_kids_pilot,4,08/04/2025,13:51:51,2,familiar_word_condition,mushrooms,mushroom_bell_1_2.png,10,mushrooms,1,4906,1,2
47,borrowing_kids_pilot,4,08/04/2025,13:51:51,2,familiar_word_condition,mushrooms,mushroom_bell_2_2.png,9,mushrooms,2,5869,2,2
47,borrowing_kids_pilot,4,08/04/2025,13:51:51,3,familiar_word_condition,leaves,leaf_bean_2_2.png,7,leaves,1,4079,2,2
47,borrowing_kids_pilot,4,08/04/2025,13:51:51,3,familiar_word_condition,leaves,leaf_oak_3_1.png,6,leaves,2,5013,3,1
47,borrowing_kids_pilot,4,08/04/2025,13:51:51,4,familiar_word_condition,shells,shell_fan_1_1.png,3,shells,1,4394,1,1
47,borrowing_kids_pilot,4,08/04/2025,13:51:51,4,familiar_word_condition,shells,shell_spiral_1_1.png,11,shells,2,5981,1,1
47,borrowing_kids_pilot,4,08/04/2025,13:51:51,5,familiar_word_condition,flowers,flower_trumpet_2_2.png,6,flowers,1,3227,2,2
47,borrowing_kids_pilot,4,08/04/2025,13:51:51,5,familiar_word_condition,flowers,flower_star_1_1.png,7,flowers,2,4398,1,1
8,borrowing_kids_pilot,4,07/14/2025,11:11:43,0,novel_word_condition,apples,apple_apple_2_0.png,5,apples,1,3942,2,0
8,borrowing_kids_pilot,4,07/14/2025,11:11:43,0,novel_word_condition,apples,apple_apple_6_0.png,2,apples,2,5009,6,0
8,borrowing_kids_pilot,4,07/14/2025,11:11:43,1,novel_word_condition,carrots,carrot_carrot_3_0.png,3,carrots,1,4379,3,0
8,borrowing_kids_pilot,4,07/14/2025,11:11:43,1,novel_word_condition,carrots,carrot_carrot_2_0.png,7,carrots,2,5742,2,0
8,borrowing_kids_pilot,4,07/14/2025,11:11:43,2,novel_word_condition,shells,shell_stingray_1_2.png,6,tinches,1,9813,1,2
8,borrowing_kids_pilot,4,07/14/2025,11:11:43,2,novel_word_condition,shells,shell_stingray_3_2.png,1,tinches,2,11666,3,2
8,borrowing_kids_pilot,4,07/14/2025,11:11:43,3,novel_word_condition,mushrooms,mushroom_enoki_3_1.png,6,palts,1,5381,3,1
8,borrowing_kids_pilot,4,07/14/2025,11:11:43,3,novel_word_condition,mushrooms,mushroom_enoki_2_1.png,4,palts,2,7365,2,1
8,borrowing_kids_pilot,4,07/14/2025,11:11:43,4,novel_word_condition,flowers,flower_trumpet_2_2.png,11,nefts,1,4014,2,2
8,borrowing_kids_pilot,4,07/14/2025,11:11:43,4,novel_word_condition,flowers,flower_trumpet_3_2.png,2,nefts,2,5397,3,2
8,borrowing_kids_pilot,4,07/14/2025,11:11:43,5,novel_word_condition,leaves,leaf_bean_3_2.png,6,bines,1,4616,3,2
8,borrowing_kids_pilot,4,07/14/2025,11:11:43,5,novel_word_condition,leaves,leaf_bean_1_2.png,11,bines,2,6448,1,2
44,borrowing_kids_pilot,4,08/04/2025,08:28:27,0,novel_word_condition,apples,apple_apple_6_0.png,2,apples,1,3911,6,0
44,borrowing_kids_pilot,4,08/04/2025,08:28:27,0,novel_word_condition,apples,apple_apple_4_0.png,1,apples,2,5087,4,0
44,borrowing_kids_pilot,4,08/04/2025,08:28:27,1,novel_word_condition,carrots,carrot_carrot_6_0.png,3,carrots,1,3960,6,0
44,borrowing_kids_pilot,4,08/04/2025,08:28:27,1,novel_word_condition,carrots,carrot_carrot_2_0.png,7,carrots,2,5163,2,0
44,borrowing_kids_pilot,4,08/04/2025,08:28:27,2,novel_word_condition,flowers,flower_trumpet_2_2.png,7,bines,1,14897,2,2
44,borrowing_kids_pilot,4,08/04/2025,08:28:27,2,novel_word_condition,flowers,flower_trumpet_1_2.png,3,bines,2,17179,1,2
44,borrowing_kids_pilot,4,08/04/2025,08:28:27,3,novel_word_condition,shells,shell_fan_1_1.png,1,nefts,1,9220,1,1
44,borrowing_kids_pilot,4,08/04/2025,08:28:27,3,novel_word_condition,shells,shell_fan_2_1.png,4,nefts,2,10226,2,1
44,borrowing_kids_pilot,4,08/04/2025,08:28:27,4,novel_word_condition,mushrooms,mushroom_bell_2_2.png,2,palts,1,5147,2,2
44,borrowing_kids_pilot,4,08/04/2025,08:28:27,4,novel_word_condition,mushrooms,mushroom_bell_3_2.png,1,palts,2,6279,3,2
44,borrowing_kids_pilot,4,08/04/2025,08:28:27,5,novel_word_condition,leaves,leaf_bean_1_2.png,7,tinches,1,4432,1,2
44,borrowing_kids_pilot,4,08/04/2025,08:28:27,5,novel_word_condition,leaves,leaf_bean_3_2.png,2,tinches,2,6382,3,2
39,borrowing_kids_pilot,5,07/31/2025,09:28:01,0,novel_word_condition,carrots,carrot_carrot_3_0.png,6,carrots,1,5486,3,0
39,borrowing_kids_pilot,5,07/31/2025,09:28:01,0,novel_word_condition,carrots,carrot_carrot_6_0.png,5,carrots,2,6533,6,0
39,borrowing_kids_pilot,5,07/31/2025,09:28:01,1,novel_word_condition,apples,apple_apple_2_0.png,6,apples,1,3880,2,0
39,borrowing_kids_pilot,5,07/31/2025,09:28:01,1,novel_word_condition,apples,apple_apple_3_0.png,5,apples,2,4745,3,0
39,borrowing_kids_pilot,5,07/31/2025,09:28:01,2,novel_word_condition,flowers,flower_trumpet_2_2.png,10,palts,1,6514,2,2
39,borrowing_kids_pilot,5,07/31/2025,09:28:01,2,novel_word_condition,flowers,flower_trumpet_1_2.png,1,palts,2,7563,1,2
39,borrowing_kids_pilot,5,07/31/2025,09:28:01,3,novel_word_condition,mushrooms,mushroom_bell_1_2.png,5,bines,1,5363,1,2
39,borrowing_kids_pilot,5,07/31/2025,09:28:01,3,novel_word_condition,mushrooms,mushroom_bell_2_2.png,1,bines,2,6463,2,2
39,borrowing_kids_pilot,5,07/31/2025,09:28:01,4,novel_word_condition,leaves,leaf_bean_2_2.png,5,tinches,1,4231,2,2
39,borrowing_kids_pilot,5,07/31/2025,09:28:01,4,novel_word_condition,leaves,leaf_bean_1_2.png,2,tinches,2,5496,1,2
39,borrowing_kids_pilot,5,07/31/2025,09:28:01,5,novel_word_condition,shells,shell_fan_1_1.png,6,nefts,1,4880,1,1
39,borrowing_kids_pilot,5,07/31/2025,09:28:01,5,novel_word_condition,shells,shell_fan_2_1.png,5,nefts,2,5997,2,1
45,borrowing_kids_pilot,3,08/04/2025,10:46:58,0,novel_word_condition,carrots,carrot_carrot_3_0.png,2,carrots,1,4057,3,0
45,borrowing_kids_pilot,3,08/04/2025,10:46:58,0,novel_word_condition,carrots,carrot_carrot_4_0.png,6,carrots,2,4958,4,0
45,borrowing_kids_pilot,3,08/04/2025,10:46:58,1,novel_word_condition,apples,apple_apple_6_0.png,6,apples,1,4430,6,0
45,borrowing_kids_pilot,3,08/04/2025,10:46:58,1,novel_word_condition,apples,apple_apple_4_0.png,7,apples,2,4878,4,0
45,borrowing_kids_pilot,3,08/04/2025,10:46:58,2,novel_word_condition,mushrooms,mushroom_disc_3_2.png,10,bines,1,8579,3,2
45,borrowing_kids_pilot,3,08/04/2025,10:46:58,2,novel_word_condition,mushrooms,mushroom_disc_2_2.png,11,bines,2,9596,2,2
45,borrowing_kids_pilot,3,08/04/2025,10:46:58,3,novel_word_condition,shells,shell_stingray_3_2.png,1,tinches,1,4562,3,2
45,borrowing_kids_pilot,3,08/04/2025,10:46:58,3,novel_word_condition,shells,shell_stingray_2_2.png,0,tinches,2,5414,2,2
45,borrowing_kids_pilot,3,08/04/2025,10:46:58,4,novel_word_condition,leaves,leaf_oak_2_1.png,1,palts,1,4049,2,1
45,borrowing_kids_pilot,3,08/04/2025,10:46:58,4,novel_word_condition,leaves,leaf_oak_1_1.png,3,palts,2,5197,1,1
45,borrowing_kids_pilot,3,08/04/2025,10:46:58,5,novel_word_condition,flowers,flower_trumpet_2_2.png,6,nefts,1,5196,2,2
45,borrowing_kids_pilot,3,08/04/2025,10:46:58,5,novel_word_condition,flowers,flower_trumpet_1_2.png,11,nefts,2,7232,1,2
36,borrowing_kids_pilot,4,07/29/2025,15:32:53,0,novel_word_condition,carrots,carrot_carrot_5_0.png,7,carrots,1,4678,5,0
36,borrowing_kids_pilot,4,07/29/2025,15:32:53,0,novel_word_condition,carrots,carrot_carrot_2_0.png,2,carrots,2,5780,2,0
36,borrowing_kids_pilot,4,07/29/2025,15:32:53,1,novel_word_condition,apples,apple_apple_1_0.png,7,apples,1,12360,1,0
36,borrowing_kids_pilot,4,07/29/2025,15:32:53,1,novel_word_condition,apples,apple_apple_2_0.png,2,apples,2,14746,2,0
36,borrowing_kids_pilot,4,07/29/2025,15:32:53,2,novel_word_condition,mushrooms,mushroom_disc_3_2.png,1,palts,1,10363,3,2
36,borrowing_kids_pilot,4,07/29/2025,15:32:53,2,novel_word_condition,mushrooms,mushroom_bell_3_2.png,5,palts,2,11713,3,2
36,borrowing_kids_pilot,4,07/29/2025,15:32:53,3,novel_word_condition,shells,shell_fan_2_1.png,6,tinches,1,8763,2,1
36,borrowing_kids_pilot,4,07/29/2025,15:32:53,3,novel_word_condition,shells,shell_fan_3_1.png,10,tinches,2,12312,3,1
36,borrowing_kids_pilot,4,07/29/2025,15:32:53,4,novel_word_condition,flowers,flower_trumpet_1_2.png,0,bines,1,5647,1,2
36,borrowing_kids_pilot,4,07/29/2025,15:32:53,4,novel_word_condition,flowers,flower_trumpet_2_2.png,11,bines,2,8046,2,2
36,borrowing_kids_pilot,4,07/29/2025,15:32:53,5,novel_word_condition,leaves,leaf_bean_2_2.png,5,nefts,1,13097,2,2
36,borrowing_kids_pilot,4,07/29/2025,15:32:53,5,novel_word_condition,leaves,leaf_bean_3_2.png,2,nefts,2,15512,3,2
40,borrowing_kids_pilot,4,07/31/2025,09:50:53,0,familiar_word_condition,apples,apple_apple_5_0.png,6,apples,1,4084,5,0
40,borrowing_kids_pilot,4,07/31/2025,09:50:53,0,familiar_word_condition,apples,apple_apple_1_0.png,10,apples,2,5283,1,0
40,borrowing_kids_pilot,4,07/31/2025,09:50:53,1,familiar_word_condition,carrots,carrot_carrot_6_0.png,6,carrots,1,3665,6,0
40,borrowing_kids_pilot,4,07/31/2025,09:50:53,1,familiar_word_condition,carrots,carrot_carrot_2_0.png,7,carrots,2,4699,2,0
40,borrowing_kids_pilot,4,07/31/2025,09:50:53,2,familiar_word_condition,shells,shell_spiral_3_1.png,6,shells,1,4081,3,1
40,borrowing_kids_pilot,4,07/31/2025,09:50:53,2,familiar_word_condition,shells,shell_stingray_2_2.png,5,shells,2,5082,2,2
40,borrowing_kids_pilot,4,07/31/2025,09:50:53,3,familiar_word_condition,leaves,leaf_bean_2_2.png,6,leaves,1,3613,2,2
40,borrowing_kids_pilot,4,07/31/2025,09:50:53,3,familiar_word_condition,leaves,leaf_droplet_1_1.png,5,leaves,2,4550,1,1
40,borrowing_kids_pilot,4,07/31/2025,09:50:53,4,familiar_word_condition,mushrooms,mushroom_bell_3_2.png,6,mushrooms,1,3731,3,2
40,borrowing_kids_pilot,4,07/31/2025,09:50:53,4,familiar_word_condition,mushrooms,mushroom_toadstool_1_1.png,10,mushrooms,2,4544,1,1
40,borrowing_kids_pilot,4,07/31/2025,09:50:53,5,familiar_word_condition,flowers,flower_trumpet_2_2.png,6,flowers,1,3615,2,2
40,borrowing_kids_pilot,4,07/31/2025,09:50:53,5,familiar_word_condition,flowers,flower_round_3_1.png,5,flowers,2,4381,3,1
11,borrowing_kids_pilot,5,07/14/2025,15:38:18,0,familiar_word_condition,apples,apple_apple_2_0.png,1,apples,1,5816,2,0
11,borrowing_kids_pilot,5,07/14/2025,15:38:18,0,familiar_word_condition,apples,apple_apple_6_0.png,0,apples,2,6862,6,0
11,borrowing_kids_pilot,5,07/14/2025,15:38:18,1,familiar_word_condition,carrots,carrot_carrot_4_0.png,3,carrots,1,4170,4,0
11,borrowing_kids_pilot,5,07/14/2025,15:38:18,1,familiar_word_condition,carrots,carrot_carrot_1_0.png,2,carrots,2,4977,1,0
11,borrowing_kids_pilot,5,07/14/2025,15:38:18,2,familiar_word_condition,shells,shell_spiral_1_1.png,3,shells,1,4065,1,1
11,borrowing_kids_pilot,5,07/14/2025,15:38:18,2,familiar_word_condition,shells,shell_stingray_2_2.png,1,shells,2,5353,2,2
11,borrowing_kids_pilot,5,07/14/2025,15:38:18,3,familiar_word_condition,flowers,flower_star_3_1.png,1,flowers,1,3629,3,1
11,borrowing_kids_pilot,5,07/14/2025,15:38:18,3,familiar_word_condition,flowers,flower_round_1_1.png,5,flowers,2,4263,1,1
11,borrowing_kids_pilot,5,07/14/2025,15:38:18,4,familiar_word_condition,mushrooms,mushroom_toadstool_2_1.png,3,mushrooms,1,3949,2,1
11,borrowing_kids_pilot,5,07/14/2025,15:38:18,4,familiar_word_condition,mushrooms,mushroom_enoki_1_1.png,7,mushrooms,2,4730,1,1
11,borrowing_kids_pilot,5,07/14/2025,15:38:18,5,familiar_word_condition,leaves,leaf_heart_1_2.png,5,leaves,1,3746,1,2
11,borrowing_kids_pilot,5,07/14/2025,15:38:18,5,familiar_word_condition,leaves,leaf_heart_2_2.png,8,leaves,2,4846,2,2
23,borrowing_kids_pilot,5,07/28/2025,08:29:18,0,novel_word_condition,apples,apple_apple_6_0.png,6,apples,1,4249,6,0
23,borrowing_kids_pilot,5,07/28/2025,08:29:18,0,novel_word_condition,apples,apple_apple_1_0.png,2,apples,2,5949,1,0
23,borrowing_kids_pilot,5,07/28/2025,08:29:18,1,novel_word_condition,carrots,carrot_carrot_4_0.png,7,carrots,1,3563,4,0
23,borrowing_kids_pilot,5,07/28/2025,08:29:18,1,novel_word_condition,carrots,carrot_carrot_5_0.png,11,carrots,2,6395,5,0
23,borrowing_kids_pilot,5,07/28/2025,08:29:18,2,novel_word_condition,leaves,leaf_oak_3_1.png,6,bines,1,13230,3,1
23,borrowing_kids_pilot,5,07/28/2025,08:29:18,2,novel_word_condition,leaves,leaf_oak_2_1.png,0,bines,2,15497,2,1
23,borrowing_kids_pilot,5,07/28/2025,08:29:18,3,novel_word_condition,flowers,flower_round_1_1.png,7,nefts,1,8512,1,1
23,borrowing_kids_pilot,5,07/28/2025,08:29:18,3,novel_word_condition,flowers,flower_round_2_1.png,6,nefts,2,13113,2,1
23,borrowing_kids_pilot,5,07/28/2025,08:29:18,4,novel_word_condition,mushrooms,mushroom_enoki_2_1.png,10,tinches,1,6046,2,1
23,borrowing_kids_pilot,5,07/28/2025,08:29:18,4,novel_word_condition,mushrooms,mushroom_enoki_1_1.png,5,tinches,2,12095,1,1
23,borrowing_kids_pilot,5,07/28/2025,08:29:18,5,novel_word_condition,shells,shell_spiral_2_1.png,5,palts,1,7180,2,1
23,borrowing_kids_pilot,5,07/28/2025,08:29:18,5,novel_word_condition,shells,shell_spiral_3_1.png,4,palts,2,8330,3,1
10,borrowing_kids_pilot,3,07/14/2025,15:21:23,0,familiar_word_condition,carrots,carrot_carrot_2_0.png,5,carrots,1,65430,2,0
10,borrowing_kids_pilot,3,07/14/2025,15:21:23,0,familiar_word_condition,carrots,carrot_carrot_3_0.png,6,carrots,2,71231,3,0
10,borrowing_kids_pilot,3,07/14/2025,15:21:23,1,familiar_word_condition,apples,apple_apple_2_0.png,10,apples,1,8195,2,0
10,borrowing_kids_pilot,3,07/14/2025,15:21:23,1,familiar_word_condition,apples,apple_apple_5_0.png,6,apples,2,10894,5,0
10,borrowing_kids_pilot,3,07/14/2025,15:21:23,2,familiar_word_condition,flowers,flower_star_3_1.png,2,flowers,1,5198,3,1
10,borrowing_kids_pilot,3,07/14/2025,15:21:23,2,familiar_word_condition,flowers,flower_star_2_1.png,1,flowers,2,6847,2,1
10,borrowing_kids_pilot,3,07/14/2025,15:21:23,3,familiar_word_condition,leaves,leaf_droplet_1_1.png,9,leaves,1,5144,1,1
10,borrowing_kids_pilot,3,07/14/2025,15:21:23,3,familiar_word_condition,leaves,leaf_oak_2_1.png,5,leaves,2,15660,2,1
10,borrowing_kids_pilot,3,07/14/2025,15:21:23,4,familiar_word_condition,shells,shell_spiral_2_1.png,9,shells,1,9910,2,1
10,borrowing_kids_pilot,3,07/14/2025,15:21:23,4,familiar_word_condition,shells,shell_stingray_3_2.png,8,shells,2,15367,3,2
10,borrowing_kids_pilot,3,07/14/2025,15:21:23,5,familiar_word_condition,mushrooms,mushroom_bell_3_2.png,9,mushrooms,1,10699,3,2
10,borrowing_kids_pilot,3,07/14/2025,15:21:23,5,familiar_word_condition,mushrooms,mushroom_bell_1_2.png,8,mushrooms,2,13795,1,2
27,borrowing_kids_pilot,4,07/29/2025,13:41:23,0,novel_word_condition,apples,apple_apple_4_0.png,3,apples,1,4611,4,0
27,borrowing_kids_pilot,4,07/29/2025,13:41:23,0,novel_word_condition,apples,apple_apple_6_0.png,1,apples,2,5714,6,0
27,borrowing_kids_pilot,4,07/29/2025,13:41:23,1,novel_word_condition,carrots,carrot_carrot_6_0.png,3,carrots,1,3710,6,0
27,borrowing_kids_pilot,4,07/29/2025,13:41:23,1,novel_word_condition,carrots,carrot_carrot_1_0.png,1,carrots,2,5779,1,0
27,borrowing_kids_pilot,4,07/29/2025,13:41:23,2,novel_word_condition,shells,shell_spiral_1_1.png,6,palts,1,9728,1,1
27,borrowing_kids_pilot,4,07/29/2025,13:41:23,2,novel_word_condition,shells,shell_spiral_2_1.png,5,palts,2,10658,2,1
27,borrowing_kids_pilot,4,07/29/2025,13:41:23,3,novel_word_condition,flowers,flower_trumpet_2_2.png,9,nefts,1,6571,2,2
27,borrowing_kids_pilot,4,07/29/2025,13:41:23,3,novel_word_condition,flowers,flower_trumpet_3_2.png,3,nefts,2,8437,3,2
27,borrowing_kids_pilot,4,07/29/2025,13:41:23,4,novel_word_condition,mushrooms,mushroom_bell_1_2.png,1,bines,1,4363,1,2
27,borrowing_kids_pilot,4,07/29/2025,13:41:23,4,novel_word_condition,mushrooms,mushroom_bell_3_2.png,2,bines,2,5916,3,2
27,borrowing_kids_pilot,4,07/29/2025,13:41:23,5,novel_word_condition,leaves,leaf_oak_3_1.png,9,tinches,1,4676,3,1
27,borrowing_kids_pilot,4,07/29/2025,13:41:23,5,novel_word_condition,leaves,leaf_oak_2_1.png,3,tinches,2,6764,2,1
33,borrowing_kids_pilot,3,07/29/2025,14:45:01,0,familiar_word_condition,apples,apple_apple_5_0.png,11,apples,1,11703,5,0
33,borrowing_kids_pilot,3,07/29/2025,14:45:01,0,familiar_word_condition,apples,apple_apple_2_0.png,7,apples,2,23268,2,0
33,borrowing_kids_pilot,3,07/29/2025,14:45:01,1,familiar_word_condition,carrots,broccoli_broccoli_6_0.png,11,carrots,1,16389,6,0
33,borrowing_kids_pilot,3,07/29/2025,14:45:01,1,familiar_word_condition,carrots,broccoli_broccoli_4_0.png,3,carrots,2,18397,4,0
33,borrowing_kids_pilot,3,07/29/2025,14:45:01,2,familiar_word_condition,mushrooms,mushroom_bell_3_2.png,11,mushrooms,1,4563,3,2
33,borrowing_kids_pilot,3,07/29/2025,14:45:01,2,familiar_word_condition,mushrooms,mushroom_bell_1_2.png,10,mushrooms,2,5081,1,2
33,borrowing_kids_pilot,3,07/29/2025,14:45:01,3,familiar_word_condition,shells,shell_spiral_2_1.png,11,shells,1,3781,2,1
33,borrowing_kids_pilot,3,07/29/2025,14:45:01,3,familiar_word_condition,shells,shell_spiral_3_1.png,5,shells,2,8713,3,1
33,borrowing_kids_pilot,3,07/29/2025,14:45:01,4,familiar_word_condition,flowers,flower_round_1_1.png,6,flowers,1,5438,1,1
33,borrowing_kids_pilot,3,07/29/2025,14:45:01,4,familiar_word_condition,flowers,flower_round_3_1.png,8,flowers,2,14332,3,1
33,borrowing_kids_pilot,3,07/29/2025,14:45:01,5,familiar_word_condition,leaves,leaf_droplet_3_1.png,8,leaves,1,3553,3,1
33,borrowing_kids_pilot,3,07/29/2025,14:45:01,5,familiar_word_condition,leaves,leaf_droplet_1_1.png,5,leaves,2,4697,1,1
29,borrowing_kids_pilot,4,07/29/2025,13:57:43,0,familiar_word_condition,carrots,carrot_carrot_1_0.png,1,carrots,1,5398,1,0
29,borrowing_kids_pilot,4,07/29/2025,13:57:43,0,familiar_word_condition,carrots,carrot_carrot_6_0.png,5,carrots,2,6711,6,0
29,borrowing_kids_pilot,4,07/29/2025,13:57:43,1,familiar_word_condition,apples,apple_apple_1_0.png,7,apples,1,4597,1,0
29,borrowing_kids_pilot,4,07/29/2025,13:57:43,1,familiar_word_condition,apples,apple_apple_3_0.png,6,apples,2,7416,3,0
29,borrowing_kids_pilot,4,07/29/2025,13:57:43,2,familiar_word_condition,flowers,flower_star_2_1.png,7,flowers,1,5894,2,1
29,borrowing_kids_pilot,4,07/29/2025,13:57:43,2,familiar_word_condition,flowers,flower_trumpet_3_2.png,11,flowers,2,7882,3,2
29,borrowing_kids_pilot,4,07/29/2025,13:57:43,3,familiar_word_condition,mushrooms,mushroom_enoki_1_1.png,3,mushrooms,1,6893,1,1
29,borrowing_kids_pilot,4,07/29/2025,13:57:43,3,familiar_word_condition,mushrooms,mushroom_enoki_3_1.png,1,mushrooms,2,10847,3,1
29,borrowing_kids_pilot,4,07/29/2025,13:57:43,4,familiar_word_condition,shells,shell_fan_1_1.png,1,shells,1,14256,1,1
29,borrowing_kids_pilot,4,07/29/2025,13:57:43,4,familiar_word_condition,shells,shell_fan_3_1.png,9,shells,2,21796,3,1
29,borrowing_kids_pilot,4,07/29/2025,13:57:43,5,familiar_word_condition,leaves,leaf_oak_3_1.png,10,leaves,1,4042,3,1
29,borrowing_kids_pilot,4,07/29/2025,13:57:43,5,familiar_word_condition,leaves,leaf_oak_2_1.png,11,leaves,2,5076,2,1
31,borrowing_kids_pilot,3,07/29/2025,14:08:59,0,novel_word_condition,carrots,carrot_carrot_4_0.png,5,carrots,1,7152,4,0
31,borrowing_kids_pilot,3,07/29/2025,14:08:59,0,novel_word_condition,carrots,carrot_carrot_1_0.png,6,carrots,2,7646,1,0
31,borrowing_kids_pilot,3,07/29/2025,14:08:59,1,novel_word_condition,apples,apple_apple_2_0.png,4,apples,1,5214,2,0
31,borrowing_kids_pilot,3,07/29/2025,14:08:59,1,novel_word_condition,apples,strawberry_strawberry_3_0.png,9,apples,2,12713,3,0
31,borrowing_kids_pilot,3,07/29/2025,14:08:59,2,novel_word_condition,shells,shell_fan_2_1.png,4,palts,1,22468,2,1
31,borrowing_kids_pilot,3,07/29/2025,14:08:59,2,novel_word_condition,shells,shell_fan_3_1.png,1,palts,2,51196,3,1
31,borrowing_kids_pilot,3,07/29/2025,14:08:59,3,novel_word_condition,mushrooms,mushroom_toadstool_1_1.png,4,nefts,1,7012,1,1
31,borrowing_kids_pilot,3,07/29/2025,14:08:59,3,novel_word_condition,mushrooms,mushroom_disc_2_2.png,5,nefts,2,27815,2,2
31,borrowing_kids_pilot,3,07/29/2025,14:08:59,4,novel_word_condition,flowers,flower_iris_2_2.png,4,tinches,1,13109,2,2
31,borrowing_kids_pilot,3,07/29/2025,14:08:59,4,novel_word_condition,flowers,flower_iris_1_2.png,5,tinches,2,15509,1,2
31,borrowing_kids_pilot,3,07/29/2025,14:08:59,5,novel_word_condition,leaves,leaf_bean_3_2.png,8,bines,1,5242,3,2
31,borrowing_kids_pilot,3,07/29/2025,14:08:59,5,novel_word_condition,leaves,leaf_bean_1_2.png,9,bines,2,6581,1,2
20,borrowing_kids_pilot,3,07/24/2025,09:25:44,0,novel_word_condition,carrots,carrot_carrot_5_0.png,7,carrots,1,3900,5,0
20,borrowing_kids_pilot,3,07/24/2025,09:25:44,0,novel_word_condition,carrots,carrot_carrot_1_0.png,6,carrots,2,4499,1,0
20,borrowing_kids_pilot,3,07/24/2025,09:25:44,1,novel_word_condition,apples,apple_apple_1_0.png,7,apples,1,3511,1,0
20,borrowing_kids_pilot,3,07/24/2025,09:25:44,1,novel_word_condition,apples,apple_apple_3_0.png,5,apples,2,4246,3,0
20,borrowing_kids_pilot,3,07/24/2025,09:25:44,2,novel_word_condition,flowers,flower_trumpet_1_2.png,7,nefts,1,6883,1,2
20,borrowing_kids_pilot,3,07/24/2025,09:25:44,2,novel_word_condition,flowers,flower_trumpet_2_2.png,8,nefts,2,9466,2,2
20,borrowing_kids_pilot,3,07/24/2025,09:25:44,3,novel_word_condition,leaves,leaf_bean_2_2.png,7,palts,1,3994,2,2
20,borrowing_kids_pilot,3,07/24/2025,09:25:44,3,novel_word_condition,leaves,leaf_bean_3_2.png,4,palts,2,6345,3,2
20,borrowing_kids_pilot,3,07/24/2025,09:25:44,4,novel_word_condition,shells,shell_fan_1_1.png,7,bines,1,4163,1,1
20,borrowing_kids_pilot,3,07/24/2025,09:25:44,4,novel_word_condition,shells,shell_fan_3_1.png,3,bines,2,5163,3,1
20,borrowing_kids_pilot,3,07/24/2025,09:25:44,5,novel_word_condition,mushrooms,mushroom_enoki_3_1.png,7,tinches,1,3662,3,1
20,borrowing_kids_pilot,3,07/24/2025,09:25:44,5,novel_word_condition,mushrooms,mushroom_enoki_1_1.png,10,tinches,2,7863,1,1
16,borrowing_kids_pilot,4,07/21/2025,14:41:13,0,novel_word_condition,carrots,carrot_carrot_3_0.png,6,carrots,1,4159,3,0
16,borrowing_kids_pilot,4,07/21/2025,14:41:13,0,novel_word_condition,carrots,carrot_carrot_6_0.png,2,carrots,2,5643,6,0
16,borrowing_kids_pilot,4,07/21/2025,14:41:13,1,novel_word_condition,apples,apple_apple_2_0.png,3,apples,1,5079,2,0
16,borrowing_kids_pilot,4,07/21/2025,14:41:13,1,novel_word_condition,apples,apple_apple_1_0.png,1,apples,2,6347,1,0
16,borrowing_kids_pilot,4,07/21/2025,14:41:13,2,novel_word_condition,shells,shell_spiral_1_1.png,2,tinches,1,9729,1,1
16,borrowing_kids_pilot,4,07/21/2025,14:41:13,2,novel_word_condition,shells,shell_spiral_2_1.png,10,tinches,2,13146,2,1
16,borrowing_kids_pilot,4,07/21/2025,14:41:13,3,novel_word_condition,leaves,leaf_oak_2_1.png,1,bines,1,4529,2,1
16,borrowing_kids_pilot,4,07/21/2025,14:41:13,3,novel_word_condition,leaves,leaf_oak_1_1.png,8,bines,2,5846,1,1
16,borrowing_kids_pilot,4,07/21/2025,14:41:13,4,novel_word_condition,flowers,flower_trumpet_1_2.png,10,palts,1,4631,1,2
16,borrowing_kids_pilot,4,07/21/2025,14:41:13,4,novel_word_condition,flowers,flower_trumpet_3_2.png,0,palts,2,8731,3,2
16,borrowing_kids_pilot,4,07/21/2025,14:41:13,5,novel_word_condition,mushrooms,mushroom_enoki_2_1.png,6,nefts,1,6647,2,1
16,borrowing_kids_pilot,4,07/21/2025,14:41:13,5,novel_word_condition,mushrooms,mushroom_enoki_3_1.png,4,nefts,2,11243,3,1
14,borrowing_kids_pilot,3,07/18/2025,14:29:57,0,novel_word_condition,carrots,carrot_carrot_3_0.png,11,carrots,1,9458,3,0
14,borrowing_kids_pilot,3,07/18/2025,14:29:57,0,novel_word_condition,carrots,carrot_carrot_1_0.png,7,carrots,2,18924,1,0
14,borrowing_kids_pilot,3,07/18/2025,14:29:57,1,novel_word_condition,apples,apple_apple_4_0.png,11,apples,1,3830,4,0
14,borrowing_kids_pilot,3,07/18/2025,14:29:57,1,novel_word_condition,apples,apple_apple_2_0.png,7,apples,2,4209,2,0
14,borrowing_kids_pilot,3,07/18/2025,14:29:57,2,novel_word_condition,mushrooms,mushroom_bell_2_2.png,11,tinches,1,4018,2,2
14,borrowing_kids_pilot,3,07/18/2025,14:29:57,2,novel_word_condition,mushrooms,mushroom_toadstool_3_1.png,3,tinches,2,6635,3,1
14,borrowing_kids_pilot,3,07/18/2025,14:29:57,3,novel_word_condition,flowers,flower_trumpet_3_2.png,9,nefts,1,4242,3,2
14,borrowing_kids_pilot,3,07/18/2025,14:29:57,3,novel_word_condition,flowers,flower_trumpet_2_2.png,5,nefts,2,4660,2,2
14,borrowing_kids_pilot,3,07/18/2025,14:29:57,4,novel_word_condition,shells,shell_spiral_3_1.png,10,palts,1,3909,3,1
14,borrowing_kids_pilot,3,07/18/2025,14:29:57,4,novel_word_condition,shells,shell_spiral_1_1.png,2,palts,2,4997,1,1
14,borrowing_kids_pilot,3,07/18/2025,14:29:57,5,novel_word_condition,leaves,leaf_oak_1_1.png,9,bines,1,3796,1,1
14,borrowing_kids_pilot,3,07/18/2025,14:29:57,5,novel_word_condition,leaves,leaf_oak_2_1.png,6,bines,2,4196,2,1
46,borrowing_kids_pilot,5,08/04/2025,11:04:26,0,novel_word_condition,carrots,carrot_carrot_5_0.png,11,carrots,1,3886,5,0
46,borrowing_kids_pilot,5,08/04/2025,11:04:26,0,novel_word_condition,carrots,carrot_carrot_3_0.png,10,carrots,2,5014,3,0
46,borrowing_kids_pilot,5,08/04/2025,11:04:26,1,novel_word_condition,apples,apple_apple_1_0.png,3,apples,1,4238,1,0
46,borrowing_kids_pilot,5,08/04/2025,11:04:26,1,novel_word_condition,apples,apple_apple_3_0.png,1,apples,2,5133,3,0
46,borrowing_kids_pilot,5,08/04/2025,11:04:26,2,novel_word_condition,flowers,flower_round_2_1.png,3,nefts,1,4499,2,1
46,borrowing_kids_pilot,5,08/04/2025,11:04:26,2,novel_word_condition,flowers,flower_star_1_1.png,0,nefts,2,5478,1,1
46,borrowing_kids_pilot,5,08/04/2025,11:04:26,3,novel_word_condition,mushrooms,mushroom_enoki_2_1.png,6,bines,1,3847,2,1
46,borrowing_kids_pilot,5,08/04/2025,11:04:26,3,novel_word_condition,mushrooms,mushroom_enoki_1_1.png,2,bines,2,6531,1,1
46,borrowing_kids_pilot,5,08/04/2025,11:04:26,4,novel_word_condition,leaves,leaf_heart_2_2.png,3,tinches,1,5913,2,2
46,borrowing_kids_pilot,5,08/04/2025,11:04:26,4,novel_word_condition,leaves,leaf_heart_1_2.png,11,tinches,2,9431,1,2
46,borrowing_kids_pilot,5,08/04/2025,11:04:26,5,novel_word_condition,shells,shell_fan_3_1.png,1,palts,1,5731,3,1
46,borrowing_kids_pilot,5,08/04/2025,11:04:26,5,novel_word_condition,shells,shell_fan_1_1.png,0,palts,2,6513,1,1
7,borrowing_kids_pilot,5,07/14/2025,10:49:14,0,familiar_word_condition,apples,apple_apple_5_0.png,2,apples,1,4409,5,0
7,borrowing_kids_pilot,5,07/14/2025,10:49:14,0,familiar_word_condition,apples,apple_apple_2_0.png,3,apples,2,5177,2,0
7,borrowing_kids_pilot,5,07/14/2025,10:49:14,1,familiar_word_condition,carrots,carrot_carrot_5_0.png,11,carrots,1,4146,5,0
7,borrowing_kids_pilot,5,07/14/2025,10:49:14,1,familiar_word_condition,carrots,carrot_carrot_4_0.png,7,carrots,2,5029,4,0
7,borrowing_kids_pilot,5,07/14/2025,10:49:14,2,familiar_word_condition,shells,shell_fan_2_1.png,6,shells,1,4396,2,1
7,borrowing_kids_pilot,5,07/14/2025,10:49:14,2,familiar_word_condition,shells,shell_fan_1_1.png,1,shells,2,6397,1,1
7,borrowing_kids_pilot,5,07/14/2025,10:49:14,3,familiar_word_condition,leaves,leaf_oak_3_1.png,10,leaves,1,4179,3,1
7,borrowing_kids_pilot,5,07/14/2025,10:49:14,3,familiar_word_condition,leaves,leaf_oak_1_1.png,1,leaves,2,5296,1,1
7,borrowing_kids_pilot,5,07/14/2025,10:49:14,4,familiar_word_condition,mushrooms,mushroom_toadstool_3_1.png,6,mushrooms,1,4163,3,1
7,borrowing_kids_pilot,5,07/14/2025,10:49:14,4,familiar_word_condition,mushrooms,mushroom_toadstool_1_1.png,10,mushrooms,2,5059,1,1
7,borrowing_kids_pilot,5,07/14/2025,10:49:14,5,familiar_word_condition,flowers,flower_trumpet_2_2.png,6,flowers,1,3219,2,2
7,borrowing_kids_pilot,5,07/14/2025,10:49:14,5,familiar_word_condition,flowers,flower_trumpet_3_2.png,5,flowers,2,3952,3,2
52,borrowing_kids_pilot,5,08/05/2025,14:13:12,0,familiar_word_condition,carrots,carrot_carrot_5_0.png,3,carrots,1,4598,5,0
52,borrowing_kids_pilot,5,08/05/2025,14:13:12,0,familiar_word_condition,carrots,carrot_carrot_3_0.png,7,carrots,2,6948,3,0
52,borrowing_kids_pilot,5,08/05/2025,14:13:12,1,familiar_word_condition,apples,apple_apple_4_0.png,2,apples,1,4028,4,0
52,borrowing_kids_pilot,5,08/05/2025,14:13:12,1,familiar_word_condition,apples,apple_apple_1_0.png,10,apples,2,4977,1,0
52,borrowing_kids_pilot,5,08/05/2025,14:13:12,2,familiar_word_condition,shells,shell_urn_2_2.png,3,shells,1,4195,2,2
52,borrowing_kids_pilot,5,08/05/2025,14:13:12,2,familiar_word_condition,shells,shell_urn_3_2.png,2,shells,2,5015,3,2
52,borrowing_kids_pilot,5,08/05/2025,14:13:12,3,familiar_word_condition,mushrooms,mushroom_toadstool_3_1.png,3,mushrooms,1,3844,3,1
52,borrowing_kids_pilot,5,08/05/2025,14:13:12,3,familiar_word_condition,mushrooms,mushroom_toadstool_2_1.png,2,mushrooms,2,4748,2,1
52,borrowing_kids_pilot,5,08/05/2025,14:13:12,4,familiar_word_condition,leaves,leaf_bean_1_2.png,7,leaves,1,6347,1,2
52,borrowing_kids_pilot,5,08/05/2025,14:13:12,4,familiar_word_condition,leaves,leaf_bean_2_2.png,6,leaves,2,8230,2,2
52,borrowing_kids_pilot,5,08/05/2025,14:13:12,5,familiar_word_condition,flowers,flower_trumpet_2_2.png,11,flowers,1,3675,2,2
52,borrowing_kids_pilot,5,08/05/2025,14:13:12,5,familiar_word_condition,flowers,flower_trumpet_1_2.png,10,flowers,2,4293,1,2
21,borrowing_kids_pilot,3,07/24/2025,09:36:51,0,novel_word_condition,apples,apple_apple_6_0.png,5,apples,1,4618,6,0
21,borrowing_kids_pilot,3,07/24/2025,09:36:51,0,novel_word_condition,apples,apple_apple_4_0.png,1,apples,2,6433,4,0
21,borrowing_kids_pilot,3,07/24/2025,09:36:51,1,novel_word_condition,carrots,carrot_carrot_5_0.png,4,carrots,1,11439,5,0
21,borrowing_kids_pilot,3,07/24/2025,09:36:51,1,novel_word_condition,carrots,carrot_carrot_2_0.png,0,carrots,2,12732,2,0
21,borrowing_kids_pilot,3,07/24/2025,09:36:51,2,novel_word_condition,shells,shell_stingray_3_2.png,8,bines,1,5212,3,2
21,borrowing_kids_pilot,3,07/24/2025,09:36:51,2,novel_word_condition,shells,shell_stingray_1_2.png,3,bines,2,8511,1,2
21,borrowing_kids_pilot,3,07/24/2025,09:36:51,3,novel_word_condition,flowers,flower_trumpet_1_2.png,8,tinches,1,3865,1,2
21,borrowing_kids_pilot,3,07/24/2025,09:36:51,3,novel_word_condition,flowers,flower_trumpet_3_2.png,0,tinches,2,6114,3,2
21,borrowing_kids_pilot,3,07/24/2025,09:36:51,4,novel_word_condition,leaves,leaf_bean_3_2.png,0,palts,1,4231,3,2
21,borrowing_kids_pilot,3,07/24/2025,09:36:51,4,novel_word_condition,leaves,leaf_bean_2_2.png,9,palts,2,6931,2,2
21,borrowing_kids_pilot,3,07/24/2025,09:36:51,5,novel_word_condition,mushrooms,mushroom_enoki_2_1.png,0,nefts,1,9831,2,1
21,borrowing_kids_pilot,3,07/24/2025,09:36:51,5,novel_word_condition,mushrooms,mushroom_enoki_1_1.png,4,nefts,2,10830,1,1
13,borrowing_kids_pilot,4,07/18/2025,13:47:44,0,familiar_word_condition,apples,apple_apple_6_0.png,10,apples,1,11273,6,0
13,borrowing_kids_pilot,4,07/18/2025,13:47:44,0,familiar_word_condition,apples,apple_apple_5_0.png,6,apples,2,13347,5,0
13,borrowing_kids_pilot,4,07/18/2025,13:47:44,1,familiar_word_condition,carrots,carrot_carrot_4_0.png,9,carrots,1,29488,4,0
13,borrowing_kids_pilot,4,07/18/2025,13:47:44,1,familiar_word_condition,carrots,carrot_carrot_6_0.png,1,carrots,2,31821,6,0
13,borrowing_kids_pilot,4,07/18/2025,13:47:44,2,familiar_word_condition,mushrooms,mushroom_toadstool_3_1.png,10,mushrooms,1,12341,3,1
13,borrowing_kids_pilot,4,07/18/2025,13:47:44,2,familiar_word_condition,mushrooms,mushroom_toadstool_1_1.png,4,mushrooms,2,15126,1,1
13,borrowing_kids_pilot,4,07/18/2025,13:47:44,3,familiar_word_condition,leaves,leaf_oak_2_1.png,6,leaves,1,4147,2,1
13,borrowing_kids_pilot,4,07/18/2025,13:47:44,3,familiar_word_condition,leaves,leaf_oak_3_1.png,3,leaves,2,5382,3,1
13,borrowing_kids_pilot,4,07/18/2025,13:47:44,4,familiar_word_condition,shells,shell_spiral_2_1.png,4,shells,1,7743,2,1
13,borrowing_kids_pilot,4,07/18/2025,13:47:44,4,familiar_word_condition,shells,shell_spiral_3_1.png,6,shells,2,8965,3,1
13,borrowing_kids_pilot,4,07/18/2025,13:47:44,5,familiar_word_condition,flowers,flower_star_3_1.png,4,flowers,1,6629,3,1
13,borrowing_kids_pilot,4,07/18/2025,13:47:44,5,familiar_word_condition,flowers,flower_round_1_1.png,3,flowers,2,8945,1,1
49,borrowing_kids_pilot,3,08/04/2025,14:37:52,0,familiar_word_condition,carrots,carrot_carrot_6_0.png,11,carrots,1,4628,6,0
49,borrowing_kids_pilot,3,08/04/2025,14:37:52,0,familiar_word_condition,carrots,carrot_carrot_2_0.png,10,carrots,2,5663,2,0
49,borrowing_kids_pilot,3,08/04/2025,14:37:52,1,familiar_word_condition,apples,apple_apple_5_0.png,10,apples,1,5277,5,0
49,borrowing_kids_pilot,3,08/04/2025,14:37:52,1,familiar_word_condition,apples,apple_apple_3_0.png,3,apples,2,6577,3,0
49,borrowing_kids_pilot,3,08/04/2025,14:37:52,2,familiar_word_condition,leaves,leaf_droplet_2_1.png,10,leaves,1,4293,2,1
49,borrowing_kids_pilot,3,08/04/2025,14:37:52,2,familiar_word_condition,leaves,leaf_droplet_1_1.png,3,leaves,2,5870,1,1
49,borrowing_kids_pilot,3,08/04/2025,14:37:52,3,familiar_word_condition,mushrooms,mushroom_bell_2_2.png,10,mushrooms,1,6198,2,2
49,borrowing_kids_pilot,3,08/04/2025,14:37:52,3,familiar_word_condition,mushrooms,mushroom_bell_1_2.png,11,mushrooms,2,8742,1,2
49,borrowing_kids_pilot,3,08/04/2025,14:37:52,4,familiar_word_condition,shells,shell_spiral_2_1.png,10,shells,1,13181,2,1
49,borrowing_kids_pilot,3,08/04/2025,14:37:52,4,familiar_word_condition,shells,shell_spiral_3_1.png,3,shells,2,15767,3,1
49,borrowing_kids_pilot,3,08/04/2025,14:37:52,5,familiar_word_condition,flowers,flower_round_3_1.png,10,flowers,1,3948,3,1
49,borrowing_kids_pilot,3,08/04/2025,14:37:52,5,familiar_word_condition,flowers,flower_round_1_1.png,9,flowers,2,4835,1,1
22,borrowing_kids_pilot,4,07/24/2025,10:42:19,0,familiar_word_condition,carrots,carrot_carrot_3_0.png,3,carrots,1,4714,3,0
22,borrowing_kids_pilot,4,07/24/2025,10:42:19,0,familiar_word_condition,carrots,carrot_carrot_2_0.png,11,carrots,2,6593,2,0
22,borrowing_kids_pilot,4,07/24/2025,10:42:19,1,familiar_word_condition,apples,apple_apple_2_0.png,1,apples,1,4140,2,0
22,borrowing_kids_pilot,4,07/24/2025,10:42:19,1,familiar_word_condition,apples,apple_apple_1_0.png,5,apples,2,5085,1,0
22,borrowing_kids_pilot,4,07/24/2025,10:42:19,2,familiar_word_condition,flowers,flower_round_3_1.png,7,flowers,1,4960,3,1
22,borrowing_kids_pilot,4,07/24/2025,10:42:19,2,familiar_word_condition,flowers,flower_round_2_1.png,3,flowers,2,6761,2,1
22,borrowing_kids_pilot,4,07/24/2025,10:42:19,3,familiar_word_condition,leaves,leaf_bean_3_2.png,11,leaves,1,5224,3,2
22,borrowing_kids_pilot,4,07/24/2025,10:42:19,3,familiar_word_condition,leaves,leaf_bean_1_2.png,10,leaves,2,6783,1,2
22,borrowing_kids_pilot,4,07/24/2025,10:42:19,4,familiar_word_condition,mushrooms,mushroom_disc_1_2.png,8,mushrooms,1,27295,1,2
22,borrowing_kids_pilot,4,07/24/2025,10:42:19,4,familiar_word_condition,mushrooms,mushroom_disc_3_2.png,9,mushrooms,2,28613,3,2
22,borrowing_kids_pilot,4,07/24/2025,10:42:19,5,familiar_word_condition,shells,shell_urn_3_2.png,3,shells,1,5379,3,2
22,borrowing_kids_pilot,4,07/24/2025,10:42:19,5,familiar_word_condition,shells,shell_urn_1_2.png,0,shells,2,8662,1,2
50,borrowing_kids_pilot,5,08/04/2025,15:33:44,0,novel_word_condition,apples,apple_apple_2_0.png,4,apples,1,5350,2,0
50,borrowing_kids_pilot,5,08/04/2025,15:33:44,0,novel_word_condition,apples,apple_apple_5_0.png,5,apples,2,5774,5,0
50,borrowing_kids_pilot,5,08/04/2025,15:33:44,1,novel_word_condition,carrots,carrot_carrot_2_0.png,0,carrots,1,3867,2,0
50,borrowing_kids_pilot,5,08/04/2025,15:33:44,1,novel_word_condition,carrots,carrot_carrot_6_0.png,1,carrots,2,4600,6,0
50,borrowing_kids_pilot,5,08/04/2025,15:33:44,2,novel_word_condition,flowers,flower_iris_1_2.png,4,tinches,1,8546,1,2
50,borrowing_kids_pilot,5,08/04/2025,15:33:44,2,novel_word_condition,flowers,flower_iris_3_2.png,5,tinches,2,9447,3,2
50,borrowing_kids_pilot,5,08/04/2025,15:33:44,3,novel_word_condition,leaves,leaf_heart_1_2.png,8,palts,1,5045,1,2
50,borrowing_kids_pilot,5,08/04/2025,15:33:44,3,novel_word_condition,leaves,leaf_heart_2_2.png,5,palts,2,6946,2,2
50,borrowing_kids_pilot,5,08/04/2025,15:33:44,4,novel_word_condition,shells,shell_spiral_1_1.png,0,nefts,1,6517,1,1
50,borrowing_kids_pilot,5,08/04/2025,15:33:44,4,novel_word_condition,shells,shell_spiral_2_1.png,1,nefts,2,9364,2,1
50,borrowing_kids_pilot,5,08/04/2025,15:33:44,5,novel_word_condition,mushrooms,mushroom_disc_1_2.png,6,bines,1,4330,1,2
50,borrowing_kids_pilot,5,08/04/2025,15:33:44,5,novel_word_condition,mushrooms,mushroom_disc_3_2.png,10,bines,2,7762,3,2
48,borrowing_kids_pilot,4,08/04/2025,14:20:03,0,novel_word_condition,carrots,broccoli_broccoli_4_0.png,6,carrots,1,196,4,0
48,borrowing_kids_pilot,4,08/04/2025,14:20:03,0,novel_word_condition,carrots,carrot_carrot_3_0.png,11,carrots,2,8880,3,0
48,borrowing_kids_pilot,4,08/04/2025,14:20:03,1,novel_word_condition,apples,strawberry_strawberry_2_0.png,11,apples,1,193,2,0
48,borrowing_kids_pilot,4,08/04/2025,14:20:03,1,novel_word_condition,apples,apple_apple_2_0.png,10,apples,2,4696,2,0
48,borrowing_kids_pilot,4,08/04/2025,14:20:03,2,novel_word_condition,mushrooms,mushroom_enoki_1_1.png,6,bines,1,8065,1,1
48,borrowing_kids_pilot,4,08/04/2025,14:20:03,2,novel_word_condition,mushrooms,mushroom_enoki_3_1.png,5,bines,2,12781,3,1
48,borrowing_kids_pilot,4,08/04/2025,14:20:03,3,novel_word_condition,leaves,leaf_droplet_3_1.png,10,tinches,1,4864,3,1
48,borrowing_kids_pilot,4,08/04/2025,14:20:03,3,novel_word_condition,leaves,leaf_droplet_1_1.png,8,tinches,2,9380,1,1
48,borrowing_kids_pilot,4,08/04/2025,14:20:03,4,novel_word_condition,flowers,flower_iris_1_2.png,8,palts,1,243,1,2
48,borrowing_kids_pilot,4,08/04/2025,14:20:03,4,novel_word_condition,flowers,flower_iris_2_2.png,6,palts,2,6365,2,2
48,borrowing_kids_pilot,4,08/04/2025,14:20:03,5,novel_word_condition,shells,shell_spiral_3_1.png,7,nefts,1,4929,3,1
48,borrowing_kids_pilot,4,08/04/2025,14:20:03,5,novel_word_condition,shells,shell_spiral_2_1.png,11,nefts,2,6129,2,1
55,borrowing_kids_pilot,5,08/04/2025,14:21:16,0,familiar_word_condition,carrots,carrot_carrot_4_0.png,10,carrots,1,5781,4,0
55,borrowing_kids_pilot,5,08/04/2025,14:21:16,0,familiar_word_condition,carrots,carrot_carrot_2_0.png,6,carrots,2,6730,2,0
55,borrowing_kids_pilot,5,08/04/2025,14:21:16,1,familiar_word_condition,apples,apple_apple_1_0.png,2,apples,1,6943,1,0
55,borrowing_kids_pilot,5,08/04/2025,14:21:16,1,familiar_word_condition,apples,apple_apple_6_0.png,6,apples,2,8193,6,0
55,borrowing_kids_pilot,5,08/04/2025,14:21:16,2,familiar_word_condition,mushrooms,mushroom_toadstool_3_1.png,6,mushrooms,1,3930,3,1
55,borrowing_kids_pilot,5,08/04/2025,14:21:16,2,familiar_word_condition,mushrooms,mushroom_bell_3_2.png,2,mushrooms,2,4764,3,2
55,borrowing_kids_pilot,5,08/04/2025,14:21:16,3,familiar_word_condition,shells,shell_stingray_1_2.png,6,shells,1,3564,1,2
55,borrowing_kids_pilot,5,08/04/2025,14:21:16,3,familiar_word_condition,shells,shell_spiral_3_1.png,2,shells,2,5263,3,1
55,borrowing_kids_pilot,5,08/04/2025,14:21:16,4,familiar_word_condition,leaves,leaf_bean_3_2.png,10,leaves,1,4195,3,2
55,borrowing_kids_pilot,5,08/04/2025,14:21:16,4,familiar_word_condition,leaves,leaf_droplet_2_1.png,6,leaves,2,4963,2,1
55,borrowing_kids_pilot,5,08/04/2025,14:21:16,5,familiar_word_condition,flowers,flower_round_1_1.png,10,flowers,1,3182,1,1
55,borrowing_kids_pilot,5,08/04/2025,14:21:16,5,familiar_word_condition,flowers,flower_iris_3_2.png,6,flowers,2,4031,3,2
28,borrowing_kids_pilot,4,07/29/2025,13:43:01,0,novel_word_condition,carrots,carrot_carrot_1_0.png,1,carrots,1,5291,1,0
28,borrowing_kids_pilot,4,07/29/2025,13:43:01,0,novel_word_condition,carrots,carrot_carrot_4_0.png,4,carrots,2,6865,4,0
28,borrowing_kids_pilot,4,07/29/2025,13:43:01,1,novel_word_condition,apples,apple_apple_4_0.png,0,apples,1,3612,4,0
28,borrowing_kids_pilot,4,07/29/2025,13:43:01,1,novel_word_condition,apples,strawberry_strawberry_4_0.png,5,apples,2,4628,4,0
28,borrowing_kids_pilot,4,07/29/2025,13:43:01,2,novel_word_condition,shells,shell_stingray_3_2.png,3,nefts,1,4725,3,2
28,borrowing_kids_pilot,4,07/29/2025,13:43:01,2,novel_word_condition,shells,shell_urn_3_2.png,6,nefts,2,6613,3,2
28,borrowing_kids_pilot,4,07/29/2025,13:43:01,3,novel_word_condition,mushrooms,mushroom_enoki_3_1.png,3,bines,1,4096,3,1
28,borrowing_kids_pilot,4,07/29/2025,13:43:01,3,novel_word_condition,mushrooms,mushroom_enoki_1_1.png,9,bines,2,7096,1,1
28,borrowing_kids_pilot,4,07/29/2025,13:43:01,4,novel_word_condition,flowers,flower_iris_1_2.png,6,palts,1,4163,1,2
28,borrowing_kids_pilot,4,07/29/2025,13:43:01,4,novel_word_condition,flowers,flower_trumpet_1_2.png,10,palts,2,7496,1,2
28,borrowing_kids_pilot,4,07/29/2025,13:43:01,5,novel_word_condition,leaves,leaf_heart_1_2.png,1,tinches,1,5627,1,2
28,borrowing_kids_pilot,4,07/29/2025,13:43:01,5,novel_word_condition,leaves,leaf_droplet_1_1.png,6,tinches,2,6679,1,1
6,borrowing_kids_pilot,4,07/14/2025,09:46:20,0,novel_word_condition,carrots,carrot_carrot_1_0.png,3,carrots,1,7883,1,0
6,borrowing_kids_pilot,4,07/14/2025,09:46:20,0,novel_word_condition,carrots,carrot_carrot_5_0.png,7,carrots,2,9230,5,0
6,borrowing_kids_pilot,4,07/14/2025,09:46:20,1,novel_word_condition,apples,apple_apple_5_0.png,6,apples,1,4552,5,0
6,borrowing_kids_pilot,4,07/14/2025,09:46:20,1,novel_word_condition,apples,apple_apple_3_0.png,2,apples,2,5633,3,0
6,borrowing_kids_pilot,4,07/14/2025,09:46:20,2,novel_word_condition,leaves,leaf_oak_3_1.png,7,palts,1,8014,3,1
6,borrowing_kids_pilot,4,07/14/2025,09:46:20,2,novel_word_condition,leaves,leaf_oak_1_1.png,2,palts,2,9396,1,1
6,borrowing_kids_pilot,4,07/14/2025,09:46:20,3,novel_word_condition,shells,shell_stingray_3_2.png,8,bines,1,8443,3,2
6,borrowing_kids_pilot,4,07/14/2025,09:46:20,3,novel_word_condition,shells,shell_stingray_1_2.png,7,bines,2,10140,1,2
6,borrowing_kids_pilot,4,07/14/2025,09:46:20,4,novel_word_condition,mushrooms,mushroom_bell_2_2.png,7,tinches,1,6104,2,2
6,borrowing_kids_pilot,4,07/14/2025,09:46:20,4,novel_word_condition,mushrooms,mushroom_bell_1_2.png,1,tinches,2,9673,1,2
6,borrowing_kids_pilot,4,07/14/2025,09:46:20,5,novel_word_condition,flowers,flower_trumpet_2_2.png,11,nefts,1,4074,2,2
6,borrowing_kids_pilot,4,07/14/2025,09:46:20,5,novel_word_condition,flowers,flower_trumpet_1_2.png,1,nefts,2,6674,1,2
5,borrowing_kids_pilot,3,07/14/2025,08:20:11,0,novel_word_condition,apples,apple_apple_5_0.png,7,apples,1,5413,5,0
5,borrowing_kids_pilot,3,07/14/2025,08:20:11,0,novel_word_condition,apples,apple_apple_6_0.png,5,apples,2,8497,6,0
5,borrowing_kids_pilot,3,07/14/2025,08:20:11,1,novel_word_condition,carrots,carrot_carrot_1_0.png,9,carrots,1,3679,1,0
5,borrowing_kids_pilot,3,07/14/2025,08:20:11,1,novel_word_condition,carrots,carrot_carrot_3_0.png,8,carrots,2,4745,3,0
5,borrowing_kids_pilot,3,07/14/2025,08:20:11,2,novel_word_condition,mushrooms,mushroom_bell_1_2.png,4,nefts,1,4937,1,2
5,borrowing_kids_pilot,3,07/14/2025,08:20:11,2,novel_word_condition,mushrooms,mushroom_bell_2_2.png,0,nefts,2,6995,2,2
5,borrowing_kids_pilot,3,07/14/2025,08:20:11,3,novel_word_condition,flowers,flower_trumpet_2_2.png,3,tinches,1,6566,2,2
5,borrowing_kids_pilot,3,07/14/2025,08:20:11,3,novel_word_condition,flowers,flower_trumpet_1_2.png,8,tinches,2,15830,1,2
5,borrowing_kids_pilot,3,07/14/2025,08:20:11,4,novel_word_condition,leaves,leaf_heart_3_2.png,9,palts,1,3900,3,2
5,borrowing_kids_pilot,3,07/14/2025,08:20:11,4,novel_word_condition,leaves,leaf_heart_1_2.png,5,palts,2,7479,1,2
5,borrowing_kids_pilot,3,07/14/2025,08:20:11,5,novel_word_condition,shells,shell_stingray_3_2.png,11,bines,1,5145,3,2
5,borrowing_kids_pilot,3,07/14/2025,08:20:11,5,novel_word_condition,shells,shell_fan_3_1.png,7,bines,2,5543,3,1
53,borrowing_kids_pilot,5,08/05/2025,14:18:59,0,novel_word_condition,carrots,carrot_carrot_1_0.png,6,carrots,1,4544,1,0
53,borrowing_kids_pilot,5,08/05/2025,14:18:59,0,novel_word_condition,carrots,carrot_carrot_2_0.png,7,carrots,2,5142,2,0
53,borrowing_kids_pilot,5,08/05/2025,14:18:59,1,novel_word_condition,apples,apple_apple_5_0.png,6,apples,1,3647,5,0
53,borrowing_kids_pilot,5,08/05/2025,14:18:59,1,novel_word_condition,apples,apple_apple_6_0.png,7,apples,2,4215,6,0
53,borrowing_kids_pilot,5,08/05/2025,14:18:59,2,novel_word_condition,shells,shell_fan_1_1.png,10,palts,1,10511,1,1
53,borrowing_kids_pilot,5,08/05/2025,14:18:59,2,novel_word_condition,shells,shell_fan_3_1.png,8,palts,2,11294,3,1
53,borrowing_kids_pilot,5,08/05/2025,14:18:59,3,novel_word_condition,flowers,flower_iris_1_2.png,7,nefts,1,4931,1,2
53,borrowing_kids_pilot,5,08/05/2025,14:18:59,3,novel_word_condition,flowers,flower_trumpet_1_2.png,6,nefts,2,11213,1,2
53,borrowing_kids_pilot,5,08/05/2025,14:18:59,4,novel_word_condition,leaves,leaf_heart_2_2.png,6,tinches,1,6267,2,2
53,borrowing_kids_pilot,5,08/05/2025,14:18:59,4,novel_word_condition,leaves,leaf_heart_3_2.png,1,tinches,2,6931,3,2
53,borrowing_kids_pilot,5,08/05/2025,14:18:59,5,novel_word_condition,mushrooms,mushroom_enoki_2_1.png,7,bines,1,3912,2,1
53,borrowing_kids_pilot,5,08/05/2025,14:18:59,5,novel_word_condition,mushrooms,mushroom_enoki_1_1.png,5,bines,2,4895,1,1
26,borrowing_kids_pilot,4,07/29/2025,13:35:15,0,novel_word_condition,apples,apple_apple_3_0.png,6,apples,1,4316,3,0
26,borrowing_kids_pilot,4,07/29/2025,13:35:15,0,novel_word_condition,apples,apple_apple_6_0.png,2,apples,2,5032,6,0
26,borrowing_kids_pilot,4,07/29/2025,13:35:15,1,novel_word_condition,carrots,carrot_carrot_1_0.png,7,carrots,1,3651,1,0
26,borrowing_kids_pilot,4,07/29/2025,13:35:15,1,novel_word_condition,carrots,carrot_carrot_2_0.png,6,carrots,2,4508,2,0
26,borrowing_kids_pilot,4,07/29/2025,13:35:15,2,novel_word_condition,flowers,flower_trumpet_1_2.png,6,palts,1,10808,1,2
26,borrowing_kids_pilot,4,07/29/2025,13:35:15,2,novel_word_condition,flowers,flower_trumpet_3_2.png,10,palts,2,12158,3,2
26,borrowing_kids_pilot,4,07/29/2025,13:35:15,3,novel_word_condition,leaves,leaf_oak_2_1.png,7,tinches,1,5781,2,1
26,borrowing_kids_pilot,4,07/29/2025,13:35:15,3,novel_word_condition,leaves,leaf_oak_1_1.png,8,tinches,2,7047,1,1
26,borrowing_kids_pilot,4,07/29/2025,13:35:15,4,novel_word_condition,shells,shell_stingray_1_2.png,9,nefts,1,5895,1,2
26,borrowing_kids_pilot,4,07/29/2025,13:35:15,4,novel_word_condition,shells,shell_stingray_3_2.png,0,nefts,2,7029,3,2
26,borrowing_kids_pilot,4,07/29/2025,13:35:15,5,novel_word_condition,mushrooms,mushroom_enoki_3_1.png,9,bines,1,4313,3,1
26,borrowing_kids_pilot,4,07/29/2025,13:35:15,5,novel_word_condition,mushrooms,mushroom_enoki_2_1.png,3,bines,2,5447,2,1
24,borrowing_kids_pilot,3,07/28/2025,09:48:11,0,familiar_word_condition,apples,apple_apple_1_0.png,8,apples,1,11672,1,0
24,borrowing_kids_pilot,3,07/28/2025,09:48:11,0,familiar_word_condition,apples,apple_apple_4_0.png,5,apples,2,18985,4,0
24,borrowing_kids_pilot,3,07/28/2025,09:48:11,1,familiar_word_condition,carrots,carrot_carrot_4_0.png,8,carrots,1,4293,4,0
24,borrowing_kids_pilot,3,07/28/2025,09:48:11,1,familiar_word_condition,carrots,carrot_carrot_5_0.png,9,carrots,2,5163,5,0
24,borrowing_kids_pilot,3,07/28/2025,09:48:11,2,familiar_word_condition,flowers,flower_round_2_1.png,8,flowers,1,3746,2,1
24,borrowing_kids_pilot,3,07/28/2025,09:48:11,2,familiar_word_condition,flowers,flower_star_1_1.png,5,flowers,2,4479,1,1
24,borrowing_kids_pilot,3,07/28/2025,09:48:11,3,familiar_word_condition,shells,shell_spiral_1_1.png,10,shells,1,4679,1,1
24,borrowing_kids_pilot,3,07/28/2025,09:48:11,3,familiar_word_condition,shells,shell_spiral_3_1.png,3,shells,2,11579,3,1
24,borrowing_kids_pilot,3,07/28/2025,09:48:11,4,familiar_word_condition,mushrooms,mushroom_enoki_2_1.png,5,mushrooms,1,4346,2,1
24,borrowing_kids_pilot,3,07/28/2025,09:48:11,4,familiar_word_condition,mushrooms,mushroom_enoki_3_1.png,3,mushrooms,2,5763,3,1
24,borrowing_kids_pilot,3,07/28/2025,09:48:11,5,familiar_word_condition,leaves,leaf_oak_1_1.png,6,leaves,1,4414,1,1
24,borrowing_kids_pilot,3,07/28/2025,09:48:11,5,familiar_word_condition,leaves,leaf_oak_3_1.png,3,leaves,2,6546,3,1
19,borrowing_kids_pilot,4,07/24/2025,09:04:34,0,familiar_word_condition,apples,apple_apple_6_0.png,6,apples,1,5253,6,0
19,borrowing_kids_pilot,4,07/24/2025,09:04:34,0,familiar_word_condition,apples,apple_apple_3_0.png,7,apples,2,6319,3,0
19,borrowing_kids_pilot,4,07/24/2025,09:04:34,1,familiar_word_condition,carrots,carrot_carrot_6_0.png,6,carrots,1,3765,6,0
19,borrowing_kids_pilot,4,07/24/2025,09:04:34,1,familiar_word_condition,carrots,carrot_carrot_3_0.png,7,carrots,2,4499,3,0
19,borrowing_kids_pilot,4,07/24/2025,09:04:34,2,familiar_word_condition,shells,shell_spiral_2_1.png,6,shells,1,4166,2,1
19,borrowing_kids_pilot,4,07/24/2025,09:04:34,2,familiar_word_condition,shells,shell_spiral_1_1.png,9,shells,2,4996,1,1
19,borrowing_kids_pilot,4,07/24/2025,09:04:34,3,familiar_word_condition,leaves,leaf_heart_2_2.png,5,leaves,1,4412,2,2
19,borrowing_kids_pilot,4,07/24/2025,09:04:34,3,familiar_word_condition,leaves,leaf_heart_1_2.png,4,leaves,2,5262,1,2
19,borrowing_kids_pilot,4,07/24/2025,09:04:34,4,familiar_word_condition,flowers,flower_round_1_1.png,6,flowers,1,3713,1,1
19,borrowing_kids_pilot,4,07/24/2025,09:04:34,4,familiar_word_condition,flowers,flower_round_3_1.png,2,flowers,2,4312,3,1
19,borrowing_kids_pilot,4,07/24/2025,09:04:34,5,familiar_word_condition,mushrooms,mushroom_disc_1_2.png,3,mushrooms,1,4314,1,2
19,borrowing_kids_pilot,4,07/24/2025,09:04:34,5,familiar_word_condition,mushrooms,mushroom_toadstool_1_1.png,11,mushrooms,2,5582,1,1
41,borrowing_kids_pilot,4,07/31/2025,10:53:12,0,novel_word_condition,carrots,carrot_carrot_3_0.png,3,carrots,1,5449,3,0
41,borrowing_kids_pilot,4,07/31/2025,10:53:12,0,novel_word_condition,carrots,carrot_carrot_2_0.png,6,carrots,2,8099,2,0
41,borrowing_kids_pilot,4,07/31/2025,10:53:12,1,novel_word_condition,apples,apple_apple_2_0.png,10,apples,1,5495,2,0
41,borrowing_kids_pilot,4,07/31/2025,10:53:12,1,novel_word_condition,apples,apple_apple_5_0.png,6,apples,2,6145,5,0
41,borrowing_kids_pilot,4,07/31/2025,10:53:12,2,novel_word_condition,shells,shell_stingray_2_2.png,11,tinches,1,7382,2,2
41,borrowing_kids_pilot,4,07/31/2025,10:53:12,2,novel_word_condition,shells,shell_stingray_1_2.png,3,tinches,2,12663,1,2
41,borrowing_kids_pilot,4,07/31/2025,10:53:12,3,novel_word_condition,leaves,leaf_oak_3_1.png,11,nefts,1,10713,3,1
41,borrowing_kids_pilot,4,07/31/2025,10:53:12,3,novel_word_condition,leaves,leaf_oak_2_1.png,8,nefts,2,12713,2,1
41,borrowing_kids_pilot,4,07/31/2025,10:53:12,4,novel_word_condition,flowers,flower_trumpet_1_2.png,1,bines,1,7331,1,2
41,borrowing_kids_pilot,4,07/31/2025,10:53:12,4,novel_word_condition,flowers,flower_trumpet_3_2.png,4,bines,2,7979,3,2
41,borrowing_kids_pilot,4,07/31/2025,10:53:12,5,novel_word_condition,mushrooms,mushroom_enoki_2_1.png,6,palts,1,7047,2,1
41,borrowing_kids_pilot,4,07/31/2025,10:53:12,5,novel_word_condition,mushrooms,mushroom_enoki_1_1.png,2,palts,2,8714,1,1
18,borrowing_kids_pilot,3,07/21/2025,15:33:15,0,novel_word_condition,carrots,carrot_carrot_6_0.png,10,carrots,1,5406,6,0
18,borrowing_kids_pilot,3,07/21/2025,15:33:15,0,novel_word_condition,carrots,carrot_carrot_2_0.png,7,carrots,2,5921,2,0
18,borrowing_kids_pilot,3,07/21/2025,15:33:15,1,novel_word_condition,apples,apple_apple_1_0.png,11,apples,1,3968,1,0
18,borrowing_kids_pilot,3,07/21/2025,15:33:15,1,novel_word_condition,apples,apple_apple_3_0.png,7,apples,2,4850,3,0
18,borrowing_kids_pilot,3,07/21/2025,15:33:15,2,novel_word_condition,mushrooms,mushroom_enoki_1_1.png,10,tinches,1,25596,1,1
18,borrowing_kids_pilot,3,07/21/2025,15:33:15,2,novel_word_condition,mushrooms,mushroom_enoki_2_1.png,8,tinches,2,26529,2,1
18,borrowing_kids_pilot,3,07/21/2025,15:33:15,3,novel_word_condition,leaves,leaf_oak_3_1.png,11,bines,1,6932,3,1
18,borrowing_kids_pilot,3,07/21/2025,15:33:15,3,novel_word_condition,leaves,leaf_oak_1_1.png,9,bines,2,7714,1,1
18,borrowing_kids_pilot,3,07/21/2025,15:33:15,4,novel_word_condition,shells,shell_spiral_1_1.png,5,nefts,1,7916,1,1
18,borrowing_kids_pilot,3,07/21/2025,15:33:15,4,novel_word_condition,shells,shell_spiral_2_1.png,0,nefts,2,11741,2,1
18,borrowing_kids_pilot,3,07/21/2025,15:33:15,5,novel_word_condition,flowers,flower_star_2_1.png,9,palts,1,5702,2,1
18,borrowing_kids_pilot,3,07/21/2025,15:33:15,5,novel_word_condition,flowers,flower_star_3_1.png,5,palts,2,7689,3,1
25,borrowing_kids_pilot,3,07/28/2025,10:52:38,0,familiar_word_condition,apples,apple_apple_3_0.png,11,apples,1,4549,3,0
25,borrowing_kids_pilot,3,07/28/2025,10:52:38,0,familiar_word_condition,apples,apple_apple_5_0.png,8,apples,2,8084,5,0
25,borrowing_kids_pilot,3,07/28/2025,10:52:38,1,familiar_word_condition,carrots,carrot_carrot_5_0.png,9,carrots,1,4276,5,0
25,borrowing_kids_pilot,3,07/28/2025,10:52:38,1,familiar_word_condition,carrots,carrot_carrot_3_0.png,7,carrots,2,6158,3,0
25,borrowing_kids_pilot,3,07/28/2025,10:52:38,2,familiar_word_condition,leaves,leaf_heart_3_2.png,10,leaves,1,5681,3,2
25,borrowing_kids_pilot,3,07/28/2025,10:52:38,2,familiar_word_condition,leaves,leaf_droplet_1_1.png,4,leaves,2,9385,1,1
25,borrowing_kids_pilot,3,07/28/2025,10:52:38,3,familiar_word_condition,shells,shell_spiral_1_1.png,9,shells,1,3996,1,1
25,borrowing_kids_pilot,3,07/28/2025,10:52:38,3,familiar_word_condition,shells,shell_fan_2_1.png,11,shells,2,5358,2,1
25,borrowing_kids_pilot,3,07/28/2025,10:52:38,4,familiar_word_condition,mushrooms,mushroom_bell_1_2.png,0,mushrooms,1,4871,1,2
25,borrowing_kids_pilot,3,07/28/2025,10:52:38,4,familiar_word_condition,mushrooms,mushroom_enoki_3_1.png,1,mushrooms,2,6118,3,1
25,borrowing_kids_pilot,3,07/28/2025,10:52:38,5,familiar_word_condition,flowers,flower_trumpet_3_2.png,7,flowers,1,5085,3,2
25,borrowing_kids_pilot,3,07/28/2025,10:52:38,5,familiar_word_condition,flowers,flower_trumpet_1_2.png,1,flowers,2,8335,1,2
12,borrowing_kids_pilot,3,07/17/2025,12:45:11,0,familiar_word_condition,carrots,carrot_carrot_5_0.png,7,carrots,1,4695,5,0
12,borrowing_kids_pilot,3,07/17/2025,12:45:11,0,familiar_word_condition,carrots,carrot_carrot_4_0.png,10,carrots,2,8777,4,0
12,borrowing_kids_pilot,3,07/17/2025,12:45:11,1,familiar_word_condition,apples,apple_apple_4_0.png,2,apples,1,5296,4,0
12,borrowing_kids_pilot,3,07/17/2025,12:45:11,1,familiar_word_condition,apples,apple_apple_2_0.png,7,apples,2,6880,2,0
12,borrowing_kids_pilot,3,07/17/2025,12:45:11,2,familiar_word_condition,leaves,leaf_oak_3_1.png,10,leaves,1,4729,3,1
12,borrowing_kids_pilot,3,07/17/2025,12:45:11,2,familiar_word_condition,leaves,leaf_oak_1_1.png,8,leaves,2,5830,1,1
12,borrowing_kids_pilot,3,07/17/2025,12:45:11,3,familiar_word_condition,shells,shell_stingray_3_2.png,1,shells,1,4747,3,2
12,borrowing_kids_pilot,3,07/17/2025,12:45:11,3,familiar_word_condition,shells,shell_spiral_3_1.png,2,shells,2,21328,3,1
12,borrowing_kids_pilot,3,07/17/2025,12:45:11,4,familiar_word_condition,mushrooms,mushroom_disc_2_2.png,7,mushrooms,1,7094,2,2
12,borrowing_kids_pilot,3,07/17/2025,12:45:11,4,familiar_word_condition,mushrooms,mushroom_bell_3_2.png,2,mushrooms,2,9320,3,2
12,borrowing_kids_pilot,3,07/17/2025,12:45:11,5,familiar_word_condition,flowers,flower_star_1_1.png,1,flowers,1,5595,1,1
12,borrowing_kids_pilot,3,07/17/2025,12:45:11,5,familiar_word_condition,flowers,flower_star_3_1.png,6,flowers,2,8076,3,1
38,borrowing_kids_pilot,3,07/31/2025,08:33:19,0,novel_word_condition,apples,apple_apple_5_0.png,8,apples,1,4563,5,0
38,borrowing_kids_pilot,3,07/31/2025,08:33:19,0,novel_word_condition,apples,apple_apple_4_0.png,9,apples,2,5733,4,0
38,borrowing_kids_pilot,3,07/31/2025,08:33:19,1,novel_word_condition,carrots,carrot_carrot_5_0.png,8,carrots,1,3864,5,0
38,borrowing_kids_pilot,3,07/31/2025,08:33:19,1,novel_word_condition,carrots,carrot_carrot_4_0.png,4,carrots,2,4796,4,0
38,borrowing_kids_pilot,3,07/31/2025,08:33:19,2,novel_word_condition,shells,shell_stingray_3_2.png,5,palts,1,7847,3,2
38,borrowing_kids_pilot,3,07/31/2025,08:33:19,2,novel_word_condition,shells,shell_stingray_2_2.png,0,palts,2,8813,2,2
38,borrowing_kids_pilot,3,07/31/2025,08:33:19,3,novel_word_condition,leaves,leaf_heart_1_2.png,8,bines,1,10563,1,2
38,borrowing_kids_pilot,3,07/31/2025,08:33:19,3,novel_word_condition,leaves,leaf_bean_1_2.png,9,bines,2,11796,1,2
38,borrowing_kids_pilot,3,07/31/2025,08:33:19,4,novel_word_condition,mushrooms,mushroom_bell_2_2.png,8,nefts,1,6680,2,2
38,borrowing_kids_pilot,3,07/31/2025,08:33:19,4,novel_word_condition,mushrooms,mushroom_bell_1_2.png,11,nefts,2,7997,1,2
38,borrowing_kids_pilot,3,07/31/2025,08:33:19,5,novel_word_condition,flowers,flower_trumpet_1_2.png,2,tinches,1,5697,1,2
38,borrowing_kids_pilot,3,07/31/2025,08:33:19,5,novel_word_condition,flowers,flower_trumpet_3_2.png,3,tinches,2,9512,3,2
32,borrowing_kids_pilot,4,07/29/2025,14:36:34,0,novel_word_condition,apples,apple_apple_6_0.png,10,apples,1,4869,6,0
32,borrowing_kids_pilot,4,07/29/2025,14:36:34,0,novel_word_condition,apples,apple_apple_5_0.png,6,apples,2,6177,5,0
32,borrowing_kids_pilot,4,07/29/2025,14:36:34,1,novel_word_condition,carrots,carrot_carrot_6_0.png,10,carrots,1,4882,6,0
32,borrowing_kids_pilot,4,07/29/2025,14:36:34,1,novel_word_condition,carrots,carrot_carrot_5_0.png,9,carrots,2,7647,5,0
32,borrowing_kids_pilot,4,07/29/2025,14:36:34,2,novel_word_condition,mushrooms,mushroom_toadstool_3_1.png,11,bines,1,8018,3,1
32,borrowing_kids_pilot,4,07/29/2025,14:36:34,2,novel_word_condition,mushrooms,mushroom_disc_1_2.png,7,bines,2,10438,1,2
32,borrowing_kids_pilot,4,07/29/2025,14:36:34,3,novel_word_condition,leaves,leaf_droplet_2_1.png,9,tinches,1,7783,2,1
32,borrowing_kids_pilot,4,07/29/2025,14:36:34,3,novel_word_condition,leaves,leaf_droplet_3_1.png,5,tinches,2,8624,3,1
32,borrowing_kids_pilot,4,07/29/2025,14:36:34,4,novel_word_condition,shells,shell_spiral_1_1.png,10,palts,1,4475,1,1
32,borrowing_kids_pilot,4,07/29/2025,14:36:34,4,novel_word_condition,shells,shell_spiral_3_1.png,11,palts,2,5362,3,1
32,borrowing_kids_pilot,4,07/29/2025,14:36:34,5,novel_word_condition,flowers,flower_trumpet_1_2.png,6,nefts,1,5039,1,2
32,borrowing_kids_pilot,4,07/29/2025,14:36:34,5,novel_word_condition,flowers,flower_trumpet_3_2.png,5,nefts,2,5953,3,2
15,borrowing_kids_pilot,5,07/21/2025,13:16:08,0,novel_word_condition,carrots,carrot_carrot_1_0.png,5,carrots,1,22426,1,0
15,borrowing_kids_pilot,5,07/21/2025,13:16:08,0,novel_word_condition,carrots,carrot_carrot_2_0.png,6,carrots,2,30392,2,0
15,borrowing_kids_pilot,5,07/21/2025,13:16:08,1,novel_word_condition,apples,apple_apple_6_0.png,7,apples,1,6030,6,0
15,borrowing_kids_pilot,5,07/21/2025,13:16:08,1,novel_word_condition,apples,apple_apple_3_0.png,6,apples,2,9963,3,0
15,borrowing_kids_pilot,5,07/21/2025,13:16:08,2,novel_word_condition,leaves,leaf_oak_2_1.png,2,nefts,1,10979,2,1
15,borrowing_kids_pilot,5,07/21/2025,13:16:08,2,novel_word_condition,leaves,leaf_oak_1_1.png,0,nefts,2,33927,1,1
15,borrowing_kids_pilot,5,07/21/2025,13:16:08,3,novel_word_condition,shells,shell_spiral_3_1.png,7,bines,1,6547,3,1
15,borrowing_kids_pilot,5,07/21/2025,13:16:08,3,novel_word_condition,shells,shell_spiral_2_1.png,2,bines,2,8747,2,1
15,borrowing_kids_pilot,5,07/21/2025,13:16:08,4,novel_word_condition,mushrooms,mushroom_toadstool_2_1.png,3,palts,1,4063,2,1
15,borrowing_kids_pilot,5,07/21/2025,13:16:08,4,novel_word_condition,mushrooms,mushroom_enoki_2_1.png,7,palts,2,6811,2,1
15,borrowing_kids_pilot,5,07/21/2025,13:16:08,5,novel_word_condition,flowers,flower_round_2_1.png,6,tinches,1,4361,2,1
15,borrowing_kids_pilot,5,07/21/2025,13:16:08,5,novel_word_condition,flowers,flower_round_3_1.png,5,tinches,2,5509,3,1
34,borrowing_kids_pilot,3,07/29/2025,15:18:45,0,familiar_word_condition,carrots,carrot_carrot_6_0.png,7,carrots,1,4327,6,0
34,borrowing_kids_pilot,3,07/29/2025,15:18:45,0,familiar_word_condition,carrots,carrot_carrot_5_0.png,10,carrots,2,5491,5,0
34,borrowing_kids_pilot,3,07/29/2025,15:18:45,1,familiar_word_condition,apples,apple_apple_2_0.png,7,apples,1,3830,2,0
34,borrowing_kids_pilot,3,07/29/2025,15:18:45,1,familiar_word_condition,apples,apple_apple_1_0.png,3,apples,2,4867,1,0
34,borrowing_kids_pilot,3,07/29/2025,15:18:45,2,familiar_word_condition,leaves,leaf_oak_3_1.png,6,leaves,1,4334,3,1
34,borrowing_kids_pilot,3,07/29/2025,15:18:45,2,familiar_word_condition,leaves,leaf_oak_1_1.png,10,leaves,2,5597,1,1
34,borrowing_kids_pilot,3,07/29/2025,15:18:45,3,familiar_word_condition,flowers,flower_round_3_1.png,4,flowers,1,3880,3,1
34,borrowing_kids_pilot,3,07/29/2025,15:18:45,3,familiar_word_condition,flowers,flower_round_2_1.png,5,flowers,2,4829,2,1
34,borrowing_kids_pilot,3,07/29/2025,15:18:45,4,familiar_word_condition,mushrooms,mushroom_bell_3_2.png,5,mushrooms,1,4550,3,2
34,borrowing_kids_pilot,3,07/29/2025,15:18:45,4,familiar_word_condition,mushrooms,mushroom_bell_2_2.png,4,mushrooms,2,5831,2,2
34,borrowing_kids_pilot,3,07/29/2025,15:18:45,5,familiar_word_condition,shells,shell_fan_3_1.png,6,shells,1,4063,3,1
34,borrowing_kids_pilot,3,07/29/2025,15:18:45,5,familiar_word_condition,shells,shell_fan_2_1.png,2,shells,2,5646,2,1
54,borrowing_kids_pilot,3,08/07/2025,15:40:15,0,familiar_word_condition,apples,apple_apple_3_0.png,4,apples,1,8458,3,0
54,borrowing_kids_pilot,3,08/07/2025,15:40:15,0,familiar_word_condition,apples,apple_apple_2_0.png,8,apples,2,10571,2,0
54,borrowing_kids_pilot,3,08/07/2025,15:40:15,1,familiar_word_condition,carrots,carrot_carrot_5_0.png,8,carrots,1,5387,5,0
54,borrowing_kids_pilot,3,08/07/2025,15:40:15,1,familiar_word_condition,carrots,carrot_carrot_4_0.png,9,carrots,2,6763,4,0
54,borrowing_kids_pilot,3,08/07/2025,15:40:15,2,familiar_word_condition,mushrooms,mushroom_toadstool_1_1.png,9,mushrooms,1,4529,1,1
54,borrowing_kids_pilot,3,08/07/2025,15:40:15,2,familiar_word_condition,mushrooms,mushroom_enoki_2_1.png,8,mushrooms,2,6481,2,1
54,borrowing_kids_pilot,3,08/07/2025,15:40:15,3,familiar_word_condition,flowers,flower_round_1_1.png,9,flowers,1,4363,1,1
54,borrowing_kids_pilot,3,08/07/2025,15:40:15,3,familiar_word_condition,flowers,flower_star_2_1.png,8,flowers,2,5531,2,1
54,borrowing_kids_pilot,3,08/07/2025,15:40:15,4,familiar_word_condition,leaves,leaf_bean_2_2.png,9,leaves,1,3463,2,2
54,borrowing_kids_pilot,3,08/07/2025,15:40:15,4,familiar_word_condition,leaves,leaf_heart_2_2.png,8,leaves,2,4546,2,2
54,borrowing_kids_pilot,3,08/07/2025,15:40:15,5,familiar_word_condition,shells,shell_fan_2_1.png,9,shells,1,6731,2,1
54,borrowing_kids_pilot,3,08/07/2025,15:40:15,5,familiar_word_condition,shells,shell_urn_1_2.png,8,shells,2,7897,1,2
51,borrowing_kids_pilot,3,08/05/2025,13:40:33,0,familiar_word_condition,carrots,carrot_carrot_6_0.png,5,carrots,1,9635,6,0
51,borrowing_kids_pilot,3,08/05/2025,13:40:33,0,familiar_word_condition,carrots,carrot_carrot_5_0.png,6,carrots,2,10380,5,0
51,borrowing_kids_pilot,3,08/05/2025,13:40:33,1,familiar_word_condition,apples,apple_apple_2_0.png,2,apples,1,4255,2,0
51,borrowing_kids_pilot,3,08/05/2025,13:40:33,1,familiar_word_condition,apples,strawberry_strawberry_6_0.png,3,apples,2,4752,6,0
51,borrowing_kids_pilot,3,08/05/2025,13:40:33,2,familiar_word_condition,shells,shell_spiral_1_1.png,0,shells,1,5114,1,1
51,borrowing_kids_pilot,3,08/05/2025,13:40:33,2,familiar_word_condition,shells,shell_spiral_2_1.png,7,shells,2,11710,2,1
51,borrowing_kids_pilot,3,08/05/2025,13:40:33,3,familiar_word_condition,mushrooms,mushroom_enoki_3_1.png,3,mushrooms,1,6483,3,1
51,borrowing_kids_pilot,3,08/05/2025,13:40:33,3,familiar_word_condition,mushrooms,mushroom_enoki_2_1.png,1,mushrooms,2,9334,2,1
51,borrowing_kids_pilot,3,08/05/2025,13:40:33,4,familiar_word_condition,leaves,leaf_oak_3_1.png,1,leaves,1,4644,3,1
51,borrowing_kids_pilot,3,08/05/2025,13:40:33,4,familiar_word_condition,leaves,leaf_oak_2_1.png,0,leaves,2,5746,2,1
51,borrowing_kids_pilot,3,08/05/2025,13:40:33,5,familiar_word_condition,flowers,flower_star_3_1.png,4,flowers,1,4594,3,1
51,borrowing_kids_pilot,3,08/05/2025,13:40:33,5,familiar_word_condition,flowers,flower_iris_1_2.png,5,flowers,2,5611,1,2
17,borrowing_kids_pilot,4,07/21/2025,15:21:46,0,familiar_word_condition,apples,apple_apple_3_0.png,11,apples,1,5538,3,0
17,borrowing_kids_pilot,4,07/21/2025,15:21:46,0,familiar_word_condition,apples,apple_apple_2_0.png,3,apples,2,7608,2,0
17,borrowing_kids_pilot,4,07/21/2025,15:21:46,1,familiar_word_condition,carrots,carrot_carrot_6_0.png,3,carrots,1,3846,6,0
17,borrowing_kids_pilot,4,07/21/2025,15:21:46,1,familiar_word_condition,carrots,carrot_carrot_3_0.png,0,carrots,2,5329,3,0
17,borrowing_kids_pilot,4,07/21/2025,15:21:46,2,familiar_word_condition,leaves,leaf_droplet_1_1.png,1,leaves,1,6946,1,1
17,borrowing_kids_pilot,4,07/21/2025,15:21:46,2,familiar_word_condition,leaves,leaf_droplet_2_1.png,3,leaves,2,7998,2,1
17,borrowing_kids_pilot,4,07/21/2025,15:21:46,3,familiar_word_condition,mushrooms,mushroom_disc_1_2.png,1,mushrooms,1,3746,1,2
17,borrowing_kids_pilot,4,07/21/2025,15:21:46,3,familiar_word_condition,mushrooms,mushroom_disc_2_2.png,0,mushrooms,2,4529,2,2
17,borrowing_kids_pilot,4,07/21/2025,15:21:46,4,familiar_word_condition,flowers,flower_round_3_1.png,2,flowers,1,3798,3,1
17,borrowing_kids_pilot,4,07/21/2025,15:21:46,4,familiar_word_condition,flowers,flower_star_2_1.png,1,flowers,2,4682,2,1
17,borrowing_kids_pilot,4,07/21/2025,15:21:46,5,familiar_word_condition,shells,shell_stingray_3_2.png,2,shells,1,4178,3,2
17,borrowing_kids_pilot,4,07/21/2025,15:21:46,5,familiar_word_condition,shells,shell_stingray_2_2.png,11,shells,2,8895,2,2
